"0","data_path = ""C:/Users/kabaldry/OneDrive - University of Tasmania/Documents/Projects/BIO-MATE/reformatted_data"""
"0","pig_data = compile_pigments(path = data_path)"
"1","[1]"
"1"," ""C:/Users/kabaldry/OneDrive - University of Tasmania/Documents/Projects/BIO-MATE/reformatted_data/pigments/06AQ19850103_PIG_PANGEAE_Jeffrey_Humphrey_1975.csv compiled"""
"1","
"
"1","[1]"
"1"," ""C:/Users/kabaldry/OneDrive - University of Tasmania/Documents/Projects/BIO-MATE/reformatted_data/pigments/06AQ19860627_PIG_PANGEAE_Lorenzen_1967.csv compiled"""
"1","
"
"1","[1]"
"1"," ""C:/Users/kabaldry/OneDrive - University of Tasmania/Documents/Projects/BIO-MATE/reformatted_data/pigments/06AQ19881122_PIG_PANGEAE_Neveux_Panouse_1987.csv compiled"""
"1","
"
"1","[1]"
"1"," ""C:/Users/kabaldry/OneDrive - University of Tasmania/Documents/Projects/BIO-MATE/reformatted_data/pigments/06AQ19920929_PIG_PANGEAE_Neveux_1976.csv compiled"""
"1","
"
"1","[1]"
"1"," ""C:/Users/kabaldry/OneDrive - University of Tasmania/Documents/Projects/BIO-MATE/reformatted_data/pigments/06AQ19920929_PIG_PANGEAE_Wright_etal_1991.csv compiled"""
"1","
"
"1","[1]"
"1"," ""C:/Users/kabaldry/OneDrive - University of Tasmania/Documents/Projects/BIO-MATE/reformatted_data/pigments/06AQ20011024_PIG_PANGEAE_Hoffmann_2006.csv compiled"""
"1","
"
"1","[1]"
"1"," ""C:/Users/kabaldry/OneDrive - University of Tasmania/Documents/Projects/BIO-MATE/reformatted_data/pigments/06AQ20011024_PIG_PANGEAE_Riebesell_2001_1.csv compiled"""
"1","
"
"1","[1]"
"1"," ""C:/Users/kabaldry/OneDrive - University of Tasmania/Documents/Projects/BIO-MATE/reformatted_data/pigments/06AQ20011024_PIG_PANGEAE_Riebesell_2001_2.csv compiled"""
"1","
"
"1","[1]"
"1"," ""C:/Users/kabaldry/OneDrive - University of Tasmania/Documents/Projects/BIO-MATE/reformatted_data/pigments/06AQ20040121_PIG_PANGEAE_Hoffmann_2006_1.csv compiled"""
"1","
"
"1","[1]"
"1"," ""C:/Users/kabaldry/OneDrive - University of Tasmania/Documents/Projects/BIO-MATE/reformatted_data/pigments/06AQ20040121_PIG_PANGEAE_Hoffmann_2006_2.csv compiled"""
"1","
"
"1","[1]"
"1"," ""C:/Users/kabaldry/OneDrive - University of Tasmania/Documents/Projects/BIO-MATE/reformatted_data/pigments/06AQ20071128_PIG_PANGEAE_Hoffmann_2006.csv compiled"""
"1","
"
"1","[1]"
"1"," ""C:/Users/kabaldry/OneDrive - University of Tasmania/Documents/Projects/BIO-MATE/reformatted_data/pigments/06AQ20080418_PIG_PANGEAE_Taylor_2011.csv compiled"""
"1","
"
"1","[1]"
"1"," ""C:/Users/kabaldry/OneDrive - University of Tasmania/Documents/Projects/BIO-MATE/reformatted_data/pigments/06AQ20100129_PIG_PANGEAE_Hoffmann_2006_1.csv compiled"""
"1","
"
"1","[1]"
"1"," ""C:/Users/kabaldry/OneDrive - University of Tasmania/Documents/Projects/BIO-MATE/reformatted_data/pigments/06AQ20100129_PIG_PANGEAE_Hoffmann_2006_2.csv compiled"""
"1","
"
"1","[1]"
"1"," ""C:/Users/kabaldry/OneDrive - University of Tasmania/Documents/Projects/BIO-MATE/reformatted_data/pigments/06AQ20100407_PIG_PANGEAE_Taylor_2011.csv compiled"""
"1","
"
"1","[1]"
"1"," ""C:/Users/kabaldry/OneDrive - University of Tasmania/Documents/Projects/BIO-MATE/reformatted_data/pigments/06AQ20120107_PIG_PANGEAE_Taylor_2011.csv compiled"""
"1","
"
"1","[1]"
"1"," ""C:/Users/kabaldry/OneDrive - University of Tasmania/Documents/Projects/BIO-MATE/reformatted_data/pigments/06AQ20130814_PIG_PANGEAE_Hoffmann_2006.csv compiled"""
"1","
"
"1","[1]"
"1"," ""C:/Users/kabaldry/OneDrive - University of Tasmania/Documents/Projects/BIO-MATE/reformatted_data/pigments/06AQ20161215_PIG_SeaBASS_VanHeukelem_Thomas_2001.csv compiled"""
"1","
"
"1","[1]"
"1"," ""C:/Users/kabaldry/OneDrive - University of Tasmania/Documents/Projects/BIO-MATE/reformatted_data/pigments/06AQ20161216_PIG_PANGEAE_Knap_1996.csv compiled"""
"1","
"
"1","[1]"
"1"," ""C:/Users/kabaldry/OneDrive - University of Tasmania/Documents/Projects/BIO-MATE/reformatted_data/pigments/096U20150320_PIG_SeaBASS_Hooker_2012.csv compiled"""
"1","
"
"1","[1]"
"1"," ""C:/Users/kabaldry/OneDrive - University of Tasmania/Documents/Projects/BIO-MATE/reformatted_data/pigments/096U20160107_PIG_IMOS_Hooker_2016.csv compiled"""
"1","
"
"1","[1]"
"1"," ""C:/Users/kabaldry/OneDrive - University of Tasmania/Documents/Projects/BIO-MATE/reformatted_data/pigments/096U20160107_PIG_SeaBASS_Hooker_2012.csv compiled"""
"1","
"
"1","[1]"
"1"," ""C:/Users/kabaldry/OneDrive - University of Tasmania/Documents/Projects/BIO-MATE/reformatted_data/pigments/096U20160314_PIG_GLODAP_UK_fluor.csv compiled"""
"1","
"
"1","[1]"
"1"," ""C:/Users/kabaldry/OneDrive - University of Tasmania/Documents/Projects/BIO-MATE/reformatted_data/pigments/096U20160314_PIG_IMOS_Hooker_2016.csv compiled"""
"1","
"
"1","[1]"
"1"," ""C:/Users/kabaldry/OneDrive - University of Tasmania/Documents/Projects/BIO-MATE/reformatted_data/pigments/096U20160426_PIG_GLODAP_Unknown_fluor.csv compiled"""
"1","
"
"1","[1]"
"1"," ""C:/Users/kabaldry/OneDrive - University of Tasmania/Documents/Projects/BIO-MATE/reformatted_data/pigments/096U20160426_PIG_IMOS_VanHeukelem_Thomas_2001.csv compiled"""
"1","
"
"1","[1]"
"1"," ""C:/Users/kabaldry/OneDrive - University of Tasmania/Documents/Projects/BIO-MATE/reformatted_data/pigments/096U20160426_PIG_SeaBASS_VanHeukelem_Thomas_2001.csv compiled"""
"1","
"
"1","[1]"
"1"," ""C:/Users/kabaldry/OneDrive - University of Tasmania/Documents/Projects/BIO-MATE/reformatted_data/pigments/096U20180110_PIG_SeaBASS_VanHeukelem_Thomas_2001.csv compiled"""
"1","
"
"1","[1]"
"1"," ""C:/Users/kabaldry/OneDrive - University of Tasmania/Documents/Projects/BIO-MATE/reformatted_data/pigments/09AR19910103_PIG_AADC_Wright_etal_1991.csv compiled"""
"1","
"
"1","[1]"
"1"," ""C:/Users/kabaldry/OneDrive - University of Tasmania/Documents/Projects/BIO-MATE/reformatted_data/pigments/09AR19910925_PIG_AADC_Wright_etal_1991.csv compiled"""
"1","
"
"1","[1]"
"1"," ""C:/Users/kabaldry/OneDrive - University of Tasmania/Documents/Projects/BIO-MATE/reformatted_data/pigments/09AR19911201_PIG_AADC_Wright_etal_1991.csv compiled"""
"1","
"
"1","[1]"
"1"," ""C:/Users/kabaldry/OneDrive - University of Tasmania/Documents/Projects/BIO-MATE/reformatted_data/pigments/09AR19930105_PIG_AADC_Wright_etal_1991.csv compiled"""
"1","
"
"1","[1]"
"1"," ""C:/Users/kabaldry/OneDrive - University of Tasmania/Documents/Projects/BIO-MATE/reformatted_data/pigments/09AR19930311_PIG_AADC_Wright_etal_1991.csv compiled"""
"1","
"
"1","[1]"
"1"," ""C:/Users/kabaldry/OneDrive - University of Tasmania/Documents/Projects/BIO-MATE/reformatted_data/pigments/09AR19931119_PIG_AADC_Wright_etal_1991.csv compiled"""
"1","
"
"1","[1]"
"1"," ""C:/Users/kabaldry/OneDrive - University of Tasmania/Documents/Projects/BIO-MATE/reformatted_data/pigments/09AR19940101_PIG_AADC_Wright_etal_1991.csv compiled"""
"1","
"
"1","[1]"
"1"," ""C:/Users/kabaldry/OneDrive - University of Tasmania/Documents/Projects/BIO-MATE/reformatted_data/pigments/09AR19941213_PIG_AADC_Wright_etal_1991.csv compiled"""
"1","
"
"1","[1]"
"1"," ""C:/Users/kabaldry/OneDrive - University of Tasmania/Documents/Projects/BIO-MATE/reformatted_data/pigments/09AR19950717_PIG_AADC_Wright_etal_1991.csv compiled"""
"1","
"
"1","[1]"
"1"," ""C:/Users/kabaldry/OneDrive - University of Tasmania/Documents/Projects/BIO-MATE/reformatted_data/pigments/09AR19960119_PIG_AADC_Wright_etal_1991.csv compiled"""
"1","
"
"1","[1]"
"1"," ""C:/Users/kabaldry/OneDrive - University of Tasmania/Documents/Projects/BIO-MATE/reformatted_data/pigments/09AR19980228_PIG_AADC_Wright_etal_1991.csv compiled"""
"1","
"
"1","[1]"
"1"," ""C:/Users/kabaldry/OneDrive - University of Tasmania/Documents/Projects/BIO-MATE/reformatted_data/pigments/09AR19990713_PIG_AADC_Wright_etal_1991.csv compiled"""
"1","
"
"1","[1]"
"1"," ""C:/Users/kabaldry/OneDrive - University of Tasmania/Documents/Projects/BIO-MATE/reformatted_data/pigments/09AR20010101_PIG_AADC_Wright_etal_1991.csv compiled"""
"1","
"
"1","[1]"
"1"," ""C:/Users/kabaldry/OneDrive - University of Tasmania/Documents/Projects/BIO-MATE/reformatted_data/pigments/09AR20011029_PIG_AADC_Wright_etal_1991.csv compiled"""
"1","
"
"1","[1]"
"1"," ""C:/Users/kabaldry/OneDrive - University of Tasmania/Documents/Projects/BIO-MATE/reformatted_data/pigments/09AR20030103_PIG_AADC_Wright_etal_1991.csv compiled"""
"1","
"
"1","[1]"
"1"," ""C:/Users/kabaldry/OneDrive - University of Tasmania/Documents/Projects/BIO-MATE/reformatted_data/pigments/09AR20031208_PIG_AADC_Wright_etal_1991.csv compiled"""
"1","
"
"1","[1]"
"1"," ""C:/Users/kabaldry/OneDrive - University of Tasmania/Documents/Projects/BIO-MATE/reformatted_data/pigments/09AR20041001_PIG_AADC_Wright_etal_1991.csv compiled"""
"1","
"
"1","[1]"
"1"," ""C:/Users/kabaldry/OneDrive - University of Tasmania/Documents/Projects/BIO-MATE/reformatted_data/pigments/09AR20060102_PIG_AADC_Wright_etal_1991.csv compiled"""
"1","
"
"1","[1]"
"1"," ""C:/Users/kabaldry/OneDrive - University of Tasmania/Documents/Projects/BIO-MATE/reformatted_data/pigments/09AR20070116_PIG_AADC_Wright_etal_1991.csv compiled"""
"1","
"
"1","[1]"
"1"," ""C:/Users/kabaldry/OneDrive - University of Tasmania/Documents/Projects/BIO-MATE/reformatted_data/pigments/09AR20080323_PIG_AADC_Wright_etal_1991.csv compiled"""
"1","
"
"1","[1]"
"1"," ""C:/Users/kabaldry/OneDrive - University of Tasmania/Documents/Projects/BIO-MATE/reformatted_data/pigments/09AR20160111_PIG_SeaBASS_Wright_2010.csv compiled"""
"1","
"
"1","[1]"
"1"," ""C:/Users/kabaldry/OneDrive - University of Tasmania/Documents/Projects/BIO-MATE/reformatted_data/pigments/09FA19971125_PIG_IMOS_Wright_etal_1991.csv compiled"""
"1","
"
"1","[1]"
"1"," ""C:/Users/kabaldry/OneDrive - University of Tasmania/Documents/Projects/BIO-MATE/reformatted_data/pigments/09SS19950114_PIG_IMOS_Wright_etal_1991.csv compiled"""
"1","
"
"1","[1]"
"1"," ""C:/Users/kabaldry/OneDrive - University of Tasmania/Documents/Projects/BIO-MATE/reformatted_data/pigments/09SS19951115_PIG_IMOS_Wright_etal_1991.csv compiled"""
"1","
"
"1","[1]"
"1"," ""C:/Users/kabaldry/OneDrive - University of Tasmania/Documents/Projects/BIO-MATE/reformatted_data/pigments/09SS19960416_PIG_IMOS_Wright_etal_1991.csv compiled"""
"1","
"
"1","[1]"
"1"," ""C:/Users/kabaldry/OneDrive - University of Tasmania/Documents/Projects/BIO-MATE/reformatted_data/pigments/09SS19960513_PIG_IMOS_Wright_etal_1991.csv compiled"""
"1","
"
"1","[1]"
"1"," ""C:/Users/kabaldry/OneDrive - University of Tasmania/Documents/Projects/BIO-MATE/reformatted_data/pigments/09SS19961120_PIG_IMOS_Wright_etal_1991.csv compiled"""
"1","
"
"1","[1]"
"1"," ""C:/Users/kabaldry/OneDrive - University of Tasmania/Documents/Projects/BIO-MATE/reformatted_data/pigments/09SS19990110_PIG_IMOS_Wright_etal_1991.csv compiled"""
"1","
"
"1","[1]"
"1"," ""C:/Users/kabaldry/OneDrive - University of Tasmania/Documents/Projects/BIO-MATE/reformatted_data/pigments/09SS19990206_PIG_IMOS_Wright_etal_1991.csv compiled"""
"1","
"
"1","[1]"
"1"," ""C:/Users/kabaldry/OneDrive - University of Tasmania/Documents/Projects/BIO-MATE/reformatted_data/pigments/09SS20030822_PIG_IMOS_Wright_etal_1991.csv compiled"""
"1","
"
"1","[1]"
"1"," ""C:/Users/kabaldry/OneDrive - University of Tasmania/Documents/Projects/BIO-MATE/reformatted_data/pigments/09SS20040120_PIG_IMOS_Wright_etal_1991.csv compiled"""
"1","
"
"1","[1]"
"1"," ""C:/Users/kabaldry/OneDrive - University of Tasmania/Documents/Projects/BIO-MATE/reformatted_data/pigments/09SS20040723_PIG_IMOS_Wright_etal_1991.csv compiled"""
"1","
"
"1","[1]"
"1"," ""C:/Users/kabaldry/OneDrive - University of Tasmania/Documents/Projects/BIO-MATE/reformatted_data/pigments/09SS20050721_PIG_IMOS_Wright_etal_1991.csv compiled"""
"1","
"
"1","[1]"
"1"," ""C:/Users/kabaldry/OneDrive - University of Tasmania/Documents/Projects/BIO-MATE/reformatted_data/pigments/09SS20051118_PIG_IMOS_Wright_etal_1991.csv compiled"""
"1","
"
"1","[1]"
"1"," ""C:/Users/kabaldry/OneDrive - University of Tasmania/Documents/Projects/BIO-MATE/reformatted_data/pigments/09SS20060328_PIG_IMOS_Wright_etal_1991.csv compiled"""
"1","
"
"1","[1]"
"1"," ""C:/Users/kabaldry/OneDrive - University of Tasmania/Documents/Projects/BIO-MATE/reformatted_data/pigments/09SS20100730_PIG_IMOS_Wright_etal_1991.csv compiled"""
"1","
"
"1","[1]"
"1"," ""C:/Users/kabaldry/OneDrive - University of Tasmania/Documents/Projects/BIO-MATE/reformatted_data/pigments/09SS20101015_PIG_IMOS_Wright_etal_1991.csv compiled"""
"1","
"
"1","[1]"
"1"," ""C:/Users/kabaldry/OneDrive - University of Tasmania/Documents/Projects/BIO-MATE/reformatted_data/pigments/09SS20120811_PIG_IMOS_Wright_etal_1991.csv compiled"""
"1","
"
"1","[1]"
"1"," ""C:/Users/kabaldry/OneDrive - University of Tasmania/Documents/Projects/BIO-MATE/reformatted_data/pigments/09SS20120907_PIG_IMOS_Wright_etal_1991.csv compiled"""
"1","
"
"1","[1]"
"1"," ""C:/Users/kabaldry/OneDrive - University of Tasmania/Documents/Projects/BIO-MATE/reformatted_data/pigments/09SS20130704_PIG_IMOS_Wright_etal_1991.csv compiled"""
"1","
"
"1","[1]"
"1"," ""C:/Users/kabaldry/OneDrive - University of Tasmania/Documents/Projects/BIO-MATE/reformatted_data/pigments/29HE19951203_PIG_GLODAP_Yentsch_Menzel_1963.csv compiled"""
"1","
"
"1","[1]"
"1"," ""C:/Users/kabaldry/OneDrive - University of Tasmania/Documents/Projects/BIO-MATE/reformatted_data/pigments/29HE19960117_PIG_GLODAP_Yentsch_Menzel_1963.csv compiled"""
"1","
"
"1","[1]"
"1"," ""C:/Users/kabaldry/OneDrive - University of Tasmania/Documents/Projects/BIO-MATE/reformatted_data/pigments/31DS19940126_PIG_GLODAP_Unknown_flor.csv compiled"""
"1","
"
"1","[1]"
"1"," ""C:/Users/kabaldry/OneDrive - University of Tasmania/Documents/Projects/BIO-MATE/reformatted_data/pigments/320619930325_PIG_Palmer LTER_PALMER_LTER.csv compiled"""
"1","
"
"1","[1]"
"1"," ""C:/Users/kabaldry/OneDrive - University of Tasmania/Documents/Projects/BIO-MATE/reformatted_data/pigments/320619930325_PIG_Palmer LTER_Wright_etal_1991.csv compiled"""
"1","
"
"1","[1]"
"1"," ""C:/Users/kabaldry/OneDrive - University of Tasmania/Documents/Projects/BIO-MATE/reformatted_data/pigments/320619961002_PIG_JGOFS_JGOFS_1994_2.csv compiled"""
"1","
"
"1","[1]"
"1"," ""C:/Users/kabaldry/OneDrive - University of Tasmania/Documents/Projects/BIO-MATE/reformatted_data/pigments/320619961002_PIG_JGOFS_Wright_etal_1991.csv compiled"""
"1","
"
"1","[1]"
"1"," ""C:/Users/kabaldry/OneDrive - University of Tasmania/Documents/Projects/BIO-MATE/reformatted_data/pigments/320619970113_PIG_JGOFS_JGOFS_1994_2.csv compiled"""
"1","
"
"1","[1]"
"1"," ""C:/Users/kabaldry/OneDrive - University of Tasmania/Documents/Projects/BIO-MATE/reformatted_data/pigments/320619970113_PIG_JGOFS_Wright_etal_1991.csv compiled"""
"1","
"
"1","[1]"
"1"," ""C:/Users/kabaldry/OneDrive - University of Tasmania/Documents/Projects/BIO-MATE/reformatted_data/pigments/320619970404_PIG_JGOFS_JGOFS_1994_2.csv compiled"""
"1","
"
"1","[1]"
"1"," ""C:/Users/kabaldry/OneDrive - University of Tasmania/Documents/Projects/BIO-MATE/reformatted_data/pigments/320619971105_PIG_JGOFS_JGOFS_1994_2.csv compiled"""
"1","
"
"1","[1]"
"1"," ""C:/Users/kabaldry/OneDrive - University of Tasmania/Documents/Projects/BIO-MATE/reformatted_data/pigments/320619971105_PIG_JGOFS_Wright_etal_1991.csv compiled"""
"1","
"
"1","[1]"
"1"," ""C:/Users/kabaldry/OneDrive - University of Tasmania/Documents/Projects/BIO-MATE/reformatted_data/pigments/320619971220_PIG_SeaBASS_Unknown_fluorometry.csv compiled"""
"1","
"
"1","[1]"
"1"," ""C:/Users/kabaldry/OneDrive - University of Tasmania/Documents/Projects/BIO-MATE/reformatted_data/pigments/320619980225_PIG_JGOFS_JGOFS_1994_2.csv compiled"""
"1","
"
"1","[1]"
"1"," ""C:/Users/kabaldry/OneDrive - University of Tasmania/Documents/Projects/BIO-MATE/reformatted_data/pigments/320620030220_PIG_IVARS_JGOFS_1994_2.csv compiled"""
"1","
"
"1","[1]"
"1"," ""C:/Users/kabaldry/OneDrive - University of Tasmania/Documents/Projects/BIO-MATE/reformatted_data/pigments/320620031218_PIG_IVARS_JGOFS_1994_2.csv compiled"""
"1","
"
"1","[1]"
"1"," ""C:/Users/kabaldry/OneDrive - University of Tasmania/Documents/Projects/BIO-MATE/reformatted_data/pigments/320620031218_PIG_MAREDAT_Smith_2006.csv compiled"""
"1","
"
"1","[1]"
"1"," ""C:/Users/kabaldry/OneDrive - University of Tasmania/Documents/Projects/BIO-MATE/reformatted_data/pigments/320620050128_PIG_IVARS_JGOFS_1994_2.csv compiled"""
"1","
"
"1","[1]"
"1"," ""C:/Users/kabaldry/OneDrive - University of Tasmania/Documents/Projects/BIO-MATE/reformatted_data/pigments/320620050128_PIG_MAREDAT_Smith_2006.csv compiled"""
"1","
"
"1","[1]"
"1"," ""C:/Users/kabaldry/OneDrive - University of Tasmania/Documents/Projects/BIO-MATE/reformatted_data/pigments/320620060131_PIG_IVARS_JGOFS_1994_2.csv compiled"""
"1","
"
"1","[1]"
"1"," ""C:/Users/kabaldry/OneDrive - University of Tasmania/Documents/Projects/BIO-MATE/reformatted_data/pigments/320620060703_PIG_NODC_Holm_Hansen_1978.csv compiled"""
"1","
"
"1","[1]"
"1"," ""C:/Users/kabaldry/OneDrive - University of Tasmania/Documents/Projects/BIO-MATE/reformatted_data/pigments/320620060703_PIG_SeaBASS_VanHeukelem_Thomas_2001.csv compiled"""
"1","
"
"1","[1]"
"1"," ""C:/Users/kabaldry/OneDrive - University of Tasmania/Documents/Projects/BIO-MATE/reformatted_data/pigments/320620110219_PIG_SeaBASS_VanHeukelem_Thomas_2001.csv compiled"""
"1","
"
"1","[1]"
"1"," ""C:/Users/kabaldry/OneDrive - University of Tasmania/Documents/Projects/BIO-MATE/reformatted_data/pigments/320620140320_PIG_SeaBASS_VanHeukelem_Thomas_2001.csv compiled"""
"1","
"
"1","[1]"
"1"," ""C:/Users/kabaldry/OneDrive - University of Tasmania/Documents/Projects/BIO-MATE/reformatted_data/pigments/320620151207_PIG_SeaBASS_VanHeukelem_Thomas_2001.csv compiled"""
"1","
"
"1","[1]"
"1"," ""C:/Users/kabaldry/OneDrive - University of Tasmania/Documents/Projects/BIO-MATE/reformatted_data/pigments/320620161224_PIG_SeaBASS_VanHeukelem_Thomas_2001.csv compiled"""
"1","
"
"1","[1]"
"1"," ""C:/Users/kabaldry/OneDrive - University of Tasmania/Documents/Projects/BIO-MATE/reformatted_data/pigments/320620170410_PIG_SeaBASS_Hooker_2012.csv compiled"""
"1","
"
"1","[1]"
"1"," ""C:/Users/kabaldry/OneDrive - University of Tasmania/Documents/Projects/BIO-MATE/reformatted_data/pigments/320620170703_PIG_SeaBASS_VanHeukelem_Thomas_2001.csv compiled"""
"1","
"
"1","[1]"
"1"," ""C:/Users/kabaldry/OneDrive - University of Tasmania/Documents/Projects/BIO-MATE/reformatted_data/pigments/320620180309_PIG_SeaBASS_VanHeukelem_Thomas_2001.csv compiled"""
"1","
"
"1","[1]"
"1"," ""C:/Users/kabaldry/OneDrive - University of Tasmania/Documents/Projects/BIO-MATE/reformatted_data/pigments/325020190403_PIG_SeaBASS_VanHeukelem _Thomas_2001.csv compiled"""
"1","
"
"1","[1]"
"1"," ""C:/Users/kabaldry/OneDrive - University of Tasmania/Documents/Projects/BIO-MATE/reformatted_data/pigments/33LG19980122_PIG_Palmer LTER_Wright_etal_1991.csv compiled"""
"1","
"
"1","[1]"
"1"," ""C:/Users/kabaldry/OneDrive - University of Tasmania/Documents/Projects/BIO-MATE/reformatted_data/pigments/33LG19990102_PIG_Palmer LTER_PALMER_LTER.csv compiled"""
"1","
"
"1","[1]"
"1"," ""C:/Users/kabaldry/OneDrive - University of Tasmania/Documents/Projects/BIO-MATE/reformatted_data/pigments/33LG19990102_PIG_Palmer LTER_Wright_etal_1991.csv compiled"""
"1","
"
"1","[1]"
"1"," ""C:/Users/kabaldry/OneDrive - University of Tasmania/Documents/Projects/BIO-MATE/reformatted_data/pigments/33LG19991217_PIG_Palmer LTER_PALMER_LTER.csv compiled"""
"1","
"
"1","[1]"
"1"," ""C:/Users/kabaldry/OneDrive - University of Tasmania/Documents/Projects/BIO-MATE/reformatted_data/pigments/33LG19991217_PIG_Palmer LTER_Wright_etal_1991.csv compiled"""
"1","
"
"1","[1]"
"1"," ""C:/Users/kabaldry/OneDrive - University of Tasmania/Documents/Projects/BIO-MATE/reformatted_data/pigments/33LG20010104_PIG_Palmer LTER_PALMER_LTER.csv compiled"""
"1","
"
"1","[1]"
"1"," ""C:/Users/kabaldry/OneDrive - University of Tasmania/Documents/Projects/BIO-MATE/reformatted_data/pigments/33LG20010104_PIG_Palmer LTER_Wright_etal_1991.csv compiled"""
"1","
"
"1","[1]"
"1"," ""C:/Users/kabaldry/OneDrive - University of Tasmania/Documents/Projects/BIO-MATE/reformatted_data/pigments/33LG20020102_PIG_Palmer LTER_PALMER_LTER.csv compiled"""
"1","
"
"1","[1]"
"1"," ""C:/Users/kabaldry/OneDrive - University of Tasmania/Documents/Projects/BIO-MATE/reformatted_data/pigments/33LG20021231_PIG_Palmer LTER_PALMER_LTER.csv compiled"""
"1","
"
"1","[1]"
"1"," ""C:/Users/kabaldry/OneDrive - University of Tasmania/Documents/Projects/BIO-MATE/reformatted_data/pigments/33LG20021231_PIG_Palmer LTER_Wright_etal_1991.csv compiled"""
"1","
"
"1","[1]"
"1"," ""C:/Users/kabaldry/OneDrive - University of Tasmania/Documents/Projects/BIO-MATE/reformatted_data/pigments/33LG20040101_PIG_Palmer LTER_PALMER_LTER.csv compiled"""
"1","
"
"1","[1]"
"1"," ""C:/Users/kabaldry/OneDrive - University of Tasmania/Documents/Projects/BIO-MATE/reformatted_data/pigments/33LG20040101_PIG_Palmer LTER_Wright_etal_1991.csv compiled"""
"1","
"
"1","[1]"
"1"," ""C:/Users/kabaldry/OneDrive - University of Tasmania/Documents/Projects/BIO-MATE/reformatted_data/pigments/33LG20041229_PIG_Palmer LTER_PALMER_LTER.csv compiled"""
"1","
"
"1","[1]"
"1"," ""C:/Users/kabaldry/OneDrive - University of Tasmania/Documents/Projects/BIO-MATE/reformatted_data/pigments/33LG20041229_PIG_Palmer LTER_Wright_etal_1991.csv compiled"""
"1","
"
"1","[1]"
"1"," ""C:/Users/kabaldry/OneDrive - University of Tasmania/Documents/Projects/BIO-MATE/reformatted_data/pigments/33LG20060101_PIG_Palmer LTER_PALMER_LTER.csv compiled"""
"1","
"
"1","[1]"
"1"," ""C:/Users/kabaldry/OneDrive - University of Tasmania/Documents/Projects/BIO-MATE/reformatted_data/pigments/33LG20060101_PIG_Palmer LTER_Wright_etal_1991.csv compiled"""
"1","
"
"1","[1]"
"1"," ""C:/Users/kabaldry/OneDrive - University of Tasmania/Documents/Projects/BIO-MATE/reformatted_data/pigments/33LG20070101_PIG_Palmer LTER_PALMER_LTER.csv compiled"""
"1","
"
"1","[1]"
"1"," ""C:/Users/kabaldry/OneDrive - University of Tasmania/Documents/Projects/BIO-MATE/reformatted_data/pigments/33LG20070101_PIG_Palmer LTER_Wright_etal_1991.csv compiled"""
"1","
"
"1","[1]"
"1"," ""C:/Users/kabaldry/OneDrive - University of Tasmania/Documents/Projects/BIO-MATE/reformatted_data/pigments/33LG20071230_PIG_Palmer LTER_PALMER_LTER.csv compiled"""
"1","
"
"1","[1]"
"1"," ""C:/Users/kabaldry/OneDrive - University of Tasmania/Documents/Projects/BIO-MATE/reformatted_data/pigments/33LG20071230_PIG_Palmer LTER_Wright_etal_1991.csv compiled"""
"1","
"
"1","[1]"
"1"," ""C:/Users/kabaldry/OneDrive - University of Tasmania/Documents/Projects/BIO-MATE/reformatted_data/pigments/33LG20081230_PIG_Palmer LTER_PALMER_LTER.csv compiled"""
"1","
"
"1","[1]"
"1"," ""C:/Users/kabaldry/OneDrive - University of Tasmania/Documents/Projects/BIO-MATE/reformatted_data/pigments/33LG20081230_PIG_Palmer LTER_Wright_etal_1991.csv compiled"""
"1","
"
"1","[1]"
"1"," ""C:/Users/kabaldry/OneDrive - University of Tasmania/Documents/Projects/BIO-MATE/reformatted_data/pigments/33LG20091230_PIG_Palmer LTER_PALMER_LTER.csv compiled"""
"1","
"
"1","[1]"
"1"," ""C:/Users/kabaldry/OneDrive - University of Tasmania/Documents/Projects/BIO-MATE/reformatted_data/pigments/33LG20110101_PIG_Palmer LTER_PALMER_LTER.csv compiled"""
"1","
"
"1","[1]"
"1"," ""C:/Users/kabaldry/OneDrive - University of Tasmania/Documents/Projects/BIO-MATE/reformatted_data/pigments/33LG20110101_PIG_Palmer LTER_Wright_etal_1991.csv compiled"""
"1","
"
"1","[1]"
"1"," ""C:/Users/kabaldry/OneDrive - University of Tasmania/Documents/Projects/BIO-MATE/reformatted_data/pigments/33LG20111229_PIG_Palmer LTER_PALMER_LTER.csv compiled"""
"1","
"
"1","[1]"
"1"," ""C:/Users/kabaldry/OneDrive - University of Tasmania/Documents/Projects/BIO-MATE/reformatted_data/pigments/33LG20121230_PIG_Palmer LTER_PALMER_LTER.csv compiled"""
"1","
"
"1","[1]"
"1"," ""C:/Users/kabaldry/OneDrive - University of Tasmania/Documents/Projects/BIO-MATE/reformatted_data/pigments/33LG20121230_PIG_Palmer LTER_Wright_etal_1991.csv compiled"""
"1","
"
"1","[1]"
"1"," ""C:/Users/kabaldry/OneDrive - University of Tasmania/Documents/Projects/BIO-MATE/reformatted_data/pigments/33LG20131229_PIG_Palmer LTER_PALMER_LTER.csv compiled"""
"1","
"
"1","[1]"
"1"," ""C:/Users/kabaldry/OneDrive - University of Tasmania/Documents/Projects/BIO-MATE/reformatted_data/pigments/33LG20131229_PIG_Palmer LTER_Wright_etal_1991.csv compiled"""
"1","
"
"1","[1]"
"1"," ""C:/Users/kabaldry/OneDrive - University of Tasmania/Documents/Projects/BIO-MATE/reformatted_data/pigments/33LG20141227_PIG_Palmer LTER_PALMER_LTER.csv compiled"""
"1","
"
"1","[1]"
"1"," ""C:/Users/kabaldry/OneDrive - University of Tasmania/Documents/Projects/BIO-MATE/reformatted_data/pigments/33LG20141227_PIG_Palmer LTER_Wright_etal_1991.csv compiled"""
"1","
"
"1","[1]"
"1"," ""C:/Users/kabaldry/OneDrive - University of Tasmania/Documents/Projects/BIO-MATE/reformatted_data/pigments/33LG20160103_PIG_Palmer LTER_PALMER_LTER.csv compiled"""
"1","
"
"1","[1]"
"1"," ""C:/Users/kabaldry/OneDrive - University of Tasmania/Documents/Projects/BIO-MATE/reformatted_data/pigments/33LG20160103_PIG_Palmer LTER_Wright_etal_1991.csv compiled"""
"1","
"
"1","[1]"
"1"," ""C:/Users/kabaldry/OneDrive - University of Tasmania/Documents/Projects/BIO-MATE/reformatted_data/pigments/33LG20161230_PIG_Palmer LTER_PALMER_LTER.csv compiled"""
"1","
"
"1","[1]"
"1"," ""C:/Users/kabaldry/OneDrive - University of Tasmania/Documents/Projects/BIO-MATE/reformatted_data/pigments/33PD19911107_PIG_Palmer LTER_PALMER_LTER.csv compiled"""
"1","
"
"1","[1]"
"1"," ""C:/Users/kabaldry/OneDrive - University of Tasmania/Documents/Projects/BIO-MATE/reformatted_data/pigments/33PD19911107_PIG_Palmer LTER_Wright_etal_1991.csv compiled"""
"1","
"
"1","[1]"
"1"," ""C:/Users/kabaldry/OneDrive - University of Tasmania/Documents/Projects/BIO-MATE/reformatted_data/pigments/33PD19930829_PIG_Palmer LTER_PALMER_LTER.csv compiled"""
"1","
"
"1","[1]"
"1"," ""C:/Users/kabaldry/OneDrive - University of Tasmania/Documents/Projects/BIO-MATE/reformatted_data/pigments/33PD19930829_PIG_Palmer LTER_Wright_etal_1991.csv compiled"""
"1","
"
"1","[1]"
"1"," ""C:/Users/kabaldry/OneDrive - University of Tasmania/Documents/Projects/BIO-MATE/reformatted_data/pigments/33PD19931008_PIG_Palmer LTER_PALMER_LTER.csv compiled"""
"1","
"
"1","[1]"
"1"," ""C:/Users/kabaldry/OneDrive - University of Tasmania/Documents/Projects/BIO-MATE/reformatted_data/pigments/33PD19931008_PIG_Palmer LTER_Wright_etal_1991.csv compiled"""
"1","
"
"1","[1]"
"1"," ""C:/Users/kabaldry/OneDrive - University of Tasmania/Documents/Projects/BIO-MATE/reformatted_data/pigments/33PD19940111_PIG_Palmer LTER_PALMER_LTER.csv compiled"""
"1","
"
"1","[1]"
"1"," ""C:/Users/kabaldry/OneDrive - University of Tasmania/Documents/Projects/BIO-MATE/reformatted_data/pigments/33PD19940111_PIG_Palmer LTER_Wright_etal_1991.csv compiled"""
"1","
"
"1","[1]"
"1"," ""C:/Users/kabaldry/OneDrive - University of Tasmania/Documents/Projects/BIO-MATE/reformatted_data/pigments/33PD19950107_PIG_Palmer LTER_PALMER_LTER.csv compiled"""
"1","
"
"1","[1]"
"1"," ""C:/Users/kabaldry/OneDrive - University of Tasmania/Documents/Projects/BIO-MATE/reformatted_data/pigments/33PD19950107_PIG_Palmer LTER_Wright_etal_1991.csv compiled"""
"1","
"
"1","[1]"
"1"," ""C:/Users/kabaldry/OneDrive - University of Tasmania/Documents/Projects/BIO-MATE/reformatted_data/pigments/33PD19960108_PIG_Palmer LTER_PALMER_LTER.csv compiled"""
"1","
"
"1","[1]"
"1"," ""C:/Users/kabaldry/OneDrive - University of Tasmania/Documents/Projects/BIO-MATE/reformatted_data/pigments/33PD19960108_PIG_Palmer LTER_Wright_etal_1991.csv compiled"""
"1","
"
"1","[1]"
"1"," ""C:/Users/kabaldry/OneDrive - University of Tasmania/Documents/Projects/BIO-MATE/reformatted_data/pigments/33PD19970111_PIG_Palmer LTER_PALMER_LTER.csv compiled"""
"1","
"
"1","[1]"
"1"," ""C:/Users/kabaldry/OneDrive - University of Tasmania/Documents/Projects/BIO-MATE/reformatted_data/pigments/33PD19970111_PIG_Palmer LTER_Wright_etal_1991.csv compiled"""
"1","
"
"1","[1]"
"1"," ""C:/Users/kabaldry/OneDrive - University of Tasmania/Documents/Projects/BIO-MATE/reformatted_data/pigments/33RO20071215_PIG_GLODAP_UCSB_2007.csv compiled"""
"1","
"
"1","[1]"
"1"," ""C:/Users/kabaldry/OneDrive - University of Tasmania/Documents/Projects/BIO-MATE/reformatted_data/pigments/33RO20071215_PIG_SeaBASS_Mueller_2003.csv compiled"""
"1","
"
"1","[1]"
"1"," ""C:/Users/kabaldry/OneDrive - University of Tasmania/Documents/Projects/BIO-MATE/reformatted_data/pigments/33RO20071215_PIG_SeaBASS_VanHeukelem_Thomas_2001.csv compiled"""
"1","
"
"1","[1]"
"1"," ""C:/Users/kabaldry/OneDrive - University of Tasmania/Documents/Projects/BIO-MATE/reformatted_data/pigments/33RO20161119_PIG_SeaBASS_VanHeukelem _Thomas_2001.csv compiled"""
"1","
"
"1","[1]"
"1"," ""C:/Users/kabaldry/OneDrive - University of Tasmania/Documents/Projects/BIO-MATE/reformatted_data/pigments/33RR19971020_PIG_JGOFS_JGOFS_1994.csv compiled"""
"1","
"
"1","[1]"
"1"," ""C:/Users/kabaldry/OneDrive - University of Tasmania/Documents/Projects/BIO-MATE/reformatted_data/pigments/33RR19971020_PIG_JGOFS_JGOFS_HPLC_1994.csv compiled"""
"1","
"
"1","[1]"
"1"," ""C:/Users/kabaldry/OneDrive - University of Tasmania/Documents/Projects/BIO-MATE/reformatted_data/pigments/33RR19971202_PIG_JGOFS_JGOFS.csv compiled"""
"1","
"
"1","[1]"
"1"," ""C:/Users/kabaldry/OneDrive - University of Tasmania/Documents/Projects/BIO-MATE/reformatted_data/pigments/33RR19971202_PIG_JGOFS_JGOFS_1994.csv compiled"""
"1","
"
"1","[1]"
"1"," ""C:/Users/kabaldry/OneDrive - University of Tasmania/Documents/Projects/BIO-MATE/reformatted_data/pigments/33RR19980108_PIG_JGOFS_JGOFS.csv compiled"""
"1","
"
"1","[1]"
"1"," ""C:/Users/kabaldry/OneDrive - University of Tasmania/Documents/Projects/BIO-MATE/reformatted_data/pigments/33RR19980108_PIG_JGOFS_JGOFS_1994.csv compiled"""
"1","
"
"1","[1]"
"1"," ""C:/Users/kabaldry/OneDrive - University of Tasmania/Documents/Projects/BIO-MATE/reformatted_data/pigments/33RR19980213_PIG_JGOFS_JGOFS.csv compiled"""
"1","
"
"1","[1]"
"1"," ""C:/Users/kabaldry/OneDrive - University of Tasmania/Documents/Projects/BIO-MATE/reformatted_data/pigments/33RR19980213_PIG_JGOFS_JGOFS_1994.csv compiled"""
"1","
"
"1","[1]"
"1"," ""C:/Users/kabaldry/OneDrive - University of Tasmania/Documents/Projects/BIO-MATE/reformatted_data/pigments/33RR20020105_PIG_SOFeX_Bridigare_2005.csv compiled"""
"1","
"
"1","[1]"
"1"," ""C:/Users/kabaldry/OneDrive - University of Tasmania/Documents/Projects/BIO-MATE/reformatted_data/pigments/33RR20020105_PIG_SOFeX_Lorenzen 1996.csv compiled"""
"1","
"
"1","[1]"
"1"," ""C:/Users/kabaldry/OneDrive - University of Tasmania/Documents/Projects/BIO-MATE/reformatted_data/pigments/33RR20050120_PIG_SeaBASS_Mueller_2003.csv compiled"""
"1","
"
"1","[1]"
"1"," ""C:/Users/kabaldry/OneDrive - University of Tasmania/Documents/Projects/BIO-MATE/reformatted_data/pigments/33RR20070204_PIG_SeaBASS_Mueller_2003.csv compiled"""
"1","
"
"1","[1]"
"1"," ""C:/Users/kabaldry/OneDrive - University of Tasmania/Documents/Projects/BIO-MATE/reformatted_data/pigments/33RR20070204_PIG_SeaBASS_VanHeukelem _Thomas_2001.csv compiled"""
"1","
"
"1","[1]"
"1"," ""C:/Users/kabaldry/OneDrive - University of Tasmania/Documents/Projects/BIO-MATE/reformatted_data/pigments/33RR20080204_PIG_SeaBASS_HPLC.csv compiled"""
"1","
"
"1","[1]"
"1"," ""C:/Users/kabaldry/OneDrive - University of Tasmania/Documents/Projects/BIO-MATE/reformatted_data/pigments/33RR20160208_PIG_GLODAP_Mueller_2003.csv compiled"""
"1","
"
"1","[1]"
"1"," ""C:/Users/kabaldry/OneDrive - University of Tasmania/Documents/Projects/BIO-MATE/reformatted_data/pigments/33RR20160208_PIG_SeaBASS_VanHeukelem_Thomas_2001_1.csv compiled"""
"1","
"
"1","[1]"
"1"," ""C:/Users/kabaldry/OneDrive - University of Tasmania/Documents/Projects/BIO-MATE/reformatted_data/pigments/33RR20160208_PIG_SeaBASS_VanHeukelem_Thomas_2001_2.csv compiled"""
"1","
"
"1","[1]"
"1"," ""C:/Users/kabaldry/OneDrive - University of Tasmania/Documents/Projects/BIO-MATE/reformatted_data/pigments/353L20021015_PIG_AADC_Wright_etal_1992.csv compiled"""
"1","
"
"1","[1]"
"1"," ""C:/Users/kabaldry/OneDrive - University of Tasmania/Documents/Projects/BIO-MATE/reformatted_data/pigments/353L20021217_PIG_AADC_Wright_etal_1993.csv compiled"""
"1","
"
"1","[1]"
"1"," ""C:/Users/kabaldry/OneDrive - University of Tasmania/Documents/Projects/BIO-MATE/reformatted_data/pigments/353L20030219_PIG_AADC_Wright_etal_1994.csv compiled"""
"1","
"
"1","[1]"
"1"," ""C:/Users/kabaldry/OneDrive - University of Tasmania/Documents/Projects/BIO-MATE/reformatted_data/pigments/353L20031021_PIG_AADC_Wright_etal_1995.csv compiled"""
"1","
"
"1","[1]"
"1"," ""C:/Users/kabaldry/OneDrive - University of Tasmania/Documents/Projects/BIO-MATE/reformatted_data/pigments/353L20031205_PIG_AADC_Wright_etal_1996.csv compiled"""
"1","
"
"1","[1]"
"1"," ""C:/Users/kabaldry/OneDrive - University of Tasmania/Documents/Projects/BIO-MATE/reformatted_data/pigments/353L20040106_PIG_AADC_Wright_etal_1997.csv compiled"""
"1","
"
"1","[1]"
"1"," ""C:/Users/kabaldry/OneDrive - University of Tasmania/Documents/Projects/BIO-MATE/reformatted_data/pigments/353L20040218_PIG_AADC_Wright_etal_1998.csv compiled"""
"1","
"
"1","[1]"
"1"," ""C:/Users/kabaldry/OneDrive - University of Tasmania/Documents/Projects/BIO-MATE/reformatted_data/pigments/353L20041019_PIG_AADC_Wright_etal_1999.csv compiled"""
"1","
"
"1","[1]"
"1"," ""C:/Users/kabaldry/OneDrive - University of Tasmania/Documents/Projects/BIO-MATE/reformatted_data/pigments/353L20051018_PIG_AADC_Wright_etal_2000.csv compiled"""
"1","
"
"1","[1]"
"1"," ""C:/Users/kabaldry/OneDrive - University of Tasmania/Documents/Projects/BIO-MATE/reformatted_data/pigments/353L20051229_PIG_AADC_Wright_etal_2001.csv compiled"""
"1","
"
"1","[1]"
"1"," ""C:/Users/kabaldry/OneDrive - University of Tasmania/Documents/Projects/BIO-MATE/reformatted_data/pigments/353L20060217_PIG_AADC_Wright_etal_2002.csv compiled"""
"1","
"
"1","[1]"
"1"," ""C:/Users/kabaldry/OneDrive - University of Tasmania/Documents/Projects/BIO-MATE/reformatted_data/pigments/353L20061020_PIG_AADC_Wright_etal_2003.csv compiled"""
"1","
"
"1","[1]"
"1"," ""C:/Users/kabaldry/OneDrive - University of Tasmania/Documents/Projects/BIO-MATE/reformatted_data/pigments/353L20070114_PIG_AADC_Wright_etal_2004.csv compiled"""
"1","
"
"1","[1]"
"1"," ""C:/Users/kabaldry/OneDrive - University of Tasmania/Documents/Projects/BIO-MATE/reformatted_data/pigments/353L20071028_PIG_AADC_Wright_etal_2005.csv compiled"""
"1","
"
"1","[1]"
"1"," ""C:/Users/kabaldry/OneDrive - University of Tasmania/Documents/Projects/BIO-MATE/reformatted_data/pigments/353L20071231_PIG_AADC_Wright_etal_2006.csv compiled"""
"1","
"
"1","[1]"
"1"," ""C:/Users/kabaldry/OneDrive - University of Tasmania/Documents/Projects/BIO-MATE/reformatted_data/pigments/353L20080217_PIG_AADC_Wright_etal_2007.csv compiled"""
"1","
"
"1","[1]"
"1"," ""C:/Users/kabaldry/OneDrive - University of Tasmania/Documents/Projects/BIO-MATE/reformatted_data/pigments/353L20081022_PIG_AADC_Wright_etal_2008.csv compiled"""
"1","
"
"1","[1]"
"1"," ""C:/Users/kabaldry/OneDrive - University of Tasmania/Documents/Projects/BIO-MATE/reformatted_data/pigments/353L20090101_PIG_AADC_Wright_etal_2009.csv compiled"""
"1","
"
"1","[1]"
"1"," ""C:/Users/kabaldry/OneDrive - University of Tasmania/Documents/Projects/BIO-MATE/reformatted_data/pigments/353L20090219_PIG_AADC_Wright_etal_2010.csv compiled"""
"1","
"
"1","[1]"
"1"," ""C:/Users/kabaldry/OneDrive - University of Tasmania/Documents/Projects/BIO-MATE/reformatted_data/pigments/353L20091021_PIG_AADC_Wright_etal_2011.csv compiled"""
"1","
"
"1","[1]"
"1"," ""C:/Users/kabaldry/OneDrive - University of Tasmania/Documents/Projects/BIO-MATE/reformatted_data/pigments/353L20100219_PIG_AADC_Wright_etal_2012.csv compiled"""
"1","
"
"1","[1]"
"1"," ""C:/Users/kabaldry/OneDrive - University of Tasmania/Documents/Projects/BIO-MATE/reformatted_data/pigments/35MF19940126_PIG_MAREDAT_LOVA.csv compiled"""
"1","
"
"1","[1]"
"1"," ""C:/Users/kabaldry/OneDrive - University of Tasmania/Documents/Projects/BIO-MATE/reformatted_data/pigments/35MF19950927_PIG_PANGEA_JGOFS_1994.csv compiled"""
"1","
"
"1","[1]"
"1"," ""C:/Users/kabaldry/OneDrive - University of Tasmania/Documents/Projects/BIO-MATE/reformatted_data/pigments/35MF19950927_PIG_PANGEA_LOVA.csv compiled"""
"1","
"
"1","[1]"
"1"," ""C:/Users/kabaldry/OneDrive - University of Tasmania/Documents/Projects/BIO-MATE/reformatted_data/pigments/35MF19980121_PIG_GLODAP_OISO_fluor.csv compiled"""
"1","
"
"1","[1]"
"1"," ""C:/Users/kabaldry/OneDrive - University of Tasmania/Documents/Projects/BIO-MATE/reformatted_data/pigments/35MF19980818_PIG_GLODAP_OISO_fluor.csv compiled"""
"1","
"
"1","[1]"
"1"," ""C:/Users/kabaldry/OneDrive - University of Tasmania/Documents/Projects/BIO-MATE/reformatted_data/pigments/35MF19981205_PIG_GLODAP_OISO_fluor.csv compiled"""
"1","
"
"1","[1]"
"1"," ""C:/Users/kabaldry/OneDrive - University of Tasmania/Documents/Projects/BIO-MATE/reformatted_data/pigments/35MF20000117_PIG_GLODAP_OISO_fluor.csv compiled"""
"1","
"
"1","[1]"
"1"," ""C:/Users/kabaldry/OneDrive - University of Tasmania/Documents/Projects/BIO-MATE/reformatted_data/pigments/35MF20000719_PIG_GLODAP_OISO_fluor.csv compiled"""
"1","
"
"1","[1]"
"1"," ""C:/Users/kabaldry/OneDrive - University of Tasmania/Documents/Projects/BIO-MATE/reformatted_data/pigments/35MF20010103_PIG_GLODAP_OISO_fluor.csv compiled"""
"1","
"
"1","[1]"
"1"," ""C:/Users/kabaldry/OneDrive - University of Tasmania/Documents/Projects/BIO-MATE/reformatted_data/pigments/35MF20020104_PIG_GLODAP_OISO_fluor.csv compiled"""
"1","
"
"1","[1]"
"1"," ""C:/Users/kabaldry/OneDrive - University of Tasmania/Documents/Projects/BIO-MATE/reformatted_data/pigments/35MF20070104_PIG_PANGEA_Unknown_hplc.csv compiled"""
"1","
"
"1","[1]"
"1"," ""C:/Users/kabaldry/OneDrive - University of Tasmania/Documents/Projects/BIO-MATE/reformatted_data/pigments/35XI20090905_PIG_SeaBASS_Uitz_2008.csv compiled"""
"1","
"
"1","[1]"
"1"," ""C:/Users/kabaldry/OneDrive - University of Tasmania/Documents/Projects/BIO-MATE/reformatted_data/pigments/49HH20011127_PIG_GLODAP_Ishii_1996.csv compiled"""
"1","
"
"1","[1]"
"1"," ""C:/Users/kabaldry/OneDrive - University of Tasmania/Documents/Projects/BIO-MATE/reformatted_data/pigments/49NZ20030803_PIG_IMOS_Wright_etal_1991.csv compiled"""
"1","
"
"1","[1]"
"1"," ""C:/Users/kabaldry/OneDrive - University of Tasmania/Documents/Projects/BIO-MATE/reformatted_data/pigments/49NZ20030909_PIG_IMOS_Wright_etal_1991.csv compiled"""
"1","
"
"1","[1]"
"1"," ""C:/Users/kabaldry/OneDrive - University of Tasmania/Documents/Projects/BIO-MATE/reformatted_data/pigments/49NZ20031019_PIG_IMOS_Wright_etal_1991.csv compiled"""
"1","
"
"1","[1]"
"1"," ""C:/Users/kabaldry/OneDrive - University of Tasmania/Documents/Projects/BIO-MATE/reformatted_data/pigments/49NZ20031106_PIG_IMOS_Wright_etal_1991.csv compiled"""
"1","
"
"1","[1]"
"1"," ""C:/Users/kabaldry/OneDrive - University of Tasmania/Documents/Projects/BIO-MATE/reformatted_data/pigments/49NZ20031209_PIG_IMOS_Wright_etal_1991.csv compiled"""
"1","
"
"1","[1]"
"1"," ""C:/Users/kabaldry/OneDrive - University of Tasmania/Documents/Projects/BIO-MATE/reformatted_data/pigments/49NZ20040127_PIG_IMOS_Wright_etal_1991.csv compiled"""
"1","
"
"1","[1]"
"1"," ""C:/Users/kabaldry/OneDrive - University of Tasmania/Documents/Projects/BIO-MATE/reformatted_data/pigments/49NZ20121127_PIG_GLODAP_Welschmeyer_1994.csv compiled"""
"1","
"
"1","[1]"
"1"," ""C:/Users/kabaldry/OneDrive - University of Tasmania/Documents/Projects/BIO-MATE/reformatted_data/pigments/49NZ20121128_PIG_GLODAP_Welschmeyer_1994.csv compiled"""
"1","
"
"1","[1]"
"1"," ""C:/Users/kabaldry/OneDrive - University of Tasmania/Documents/Projects/BIO-MATE/reformatted_data/pigments/49NZ20130105_PIG_GLODAP_Welschmeyer_1994.csv compiled"""
"1","
"
"1","[1]"
"1"," ""C:/Users/kabaldry/OneDrive - University of Tasmania/Documents/Projects/BIO-MATE/reformatted_data/pigments/49NZ20170208_PIG_GLODAP_Welschmeyer_1994.csv compiled"""
"1","
"
"1","[1]"
"1"," ""C:/Users/kabaldry/OneDrive - University of Tasmania/Documents/Projects/BIO-MATE/reformatted_data/pigments/49NZ20170208_PIG_SeaBASS_VanHeukelem _Thomas_2001.csv compiled"""
"1","
"
"1","[1]"
"1"," ""C:/Users/kabaldry/OneDrive - University of Tasmania/Documents/Projects/BIO-MATE/reformatted_data/pigments/49ZS19921203_PIG_GLODAP_Ishii_1996.csv compiled"""
"1","
"
"1","[1]"
"1"," ""C:/Users/kabaldry/OneDrive - University of Tasmania/Documents/Projects/BIO-MATE/reformatted_data/pigments/61TG20030217_PIG_GLODAP_Ishii_1996.csv compiled"""
"1","
"
"1","[1]"
"1"," ""C:/Users/kabaldry/OneDrive - University of Tasmania/Documents/Projects/BIO-MATE/reformatted_data/pigments/74JC19921026_PIG_MAREDAT_BOFS_hplc.csv compiled"""
"1","
"
"1","[1]"
"1"," ""C:/Users/kabaldry/OneDrive - University of Tasmania/Documents/Projects/BIO-MATE/reformatted_data/pigments/74JC20151217_PIG_SeaBASS_VanHeukelem _Thomas_2001.csv compiled"""
"1","
"
"1","[1]"
"1"," ""C:/Users/kabaldry/OneDrive - University of Tasmania/Documents/Projects/BIO-MATE/reformatted_data/pigments/74JC20190221_PIG_SeaBASS_VanHeukelem _Thomas_2001.csv compiled"""
"1","
"
"1","[1]"
"1"," ""C:/Users/kabaldry/OneDrive - University of Tasmania/Documents/Projects/BIO-MATE/reformatted_data/pigments/91AA20171209_PIG_SeaBASS_VanHeukelem _Thomas_2001.csv compiled"""
"1","
"
"1","[1]"
"1"," ""C:/Users/kabaldry/OneDrive - University of Tasmania/Documents/Projects/BIO-MATE/reformatted_data/pigments/91AH20140402_PIG_PANGEA_deVillers_2013.csv compiled"""
"1","
"
"1","[1]"
"1"," ""C:/Users/kabaldry/OneDrive - University of Tasmania/Documents/Projects/BIO-MATE/reformatted_data/pigments/91AH20170907_PIG_SeaBASS_VanHeukelem _Thomas_2001.csv compiled"""
"1","
"
"1","[1]"
"1"," ""C:/Users/kabaldry/OneDrive - University of Tasmania/Documents/Projects/BIO-MATE/reformatted_data/pigments/RUB320161220_PIG_SeaBASS_VanHeukelem _Thomas_2001.csv compiled"""
"1","
"
"0","# expocodes for PIG data"
"0","pig_path = file.path(data_path,""pigments"")"
"0","pig_files = list.files(pig_path, pattern = ""*.csv"")"
"0","pig_expos = unique(substr(pig_files,1,12))"
"0","# expocodes for PROF data"
"0","prof_path = file.path(data_path,""profiling_sensors"")"
"0","prof_files = list.files(prof_path, pattern = ""*.csv"")"
"0","prof_expos = unique(substr(prof_files,1,12))"
"0","# all expocodes with files"
"0","all_expos = unique(c(prof_expos,pig_expos))"
