"0","PIG_to_WHPE(path_out = file.path(path,""reformatted_data""), file_path = file.path(path,""BIO-MATE"",""product_data"",""processing_metadata"",""C1""),userID = ""IMASUTASKB"", row_start = 28)
"
"1","[1]"
"1"," ""row 28 EXPOCODE 09AR19911201 SOURCE AADC METHOD Wright_1991 successfully run"""
"1","
"
"1","[1]"
"1"," ""PROF and PIG station mismatch detected. Moving to closest PROF detection method."""
"1","
"
"1","[1]"
"1"," ""row 29 EXPOCODE 09AR19930105 SOURCE AADC METHOD Wright_1991 successfully run"""
"1","
"
"1","[1]"
"1"," ""Warning:There is no station number assigned for a data point in 29 09AR19930105  Is this point underway?"""
"1","
"
"2","NAs introduced by coercion"
"2","NAs introduced by coercion"
"2","NAs introduced by coercion"
"2","NAs introduced by coercion"
"2","NAs introduced by coercion"
"2","NAs introduced by coercion"
"2","NAs introduced by coercion"
"2","NAs introduced by coercion"
"2","NAs introduced by coercion"
"2","NAs introduced by coercion"
"2","NAs introduced by coercion"
"2","NAs introduced by coercion"
"2","NAs introduced by coercion"
"2","NAs introduced by coercion"
"2","NAs introduced by coercion"
"2","NAs introduced by coercion"
"2","NAs introduced by coercion"
"2","NAs introduced by coercion"
"2","NAs introduced by coercion"
"2","NAs introduced by coercion"
"2","NAs introduced by coercion"
"2","NAs introduced by coercion"
"2","NAs introduced by coercion"
"2","NAs introduced by coercion"
"2","NAs introduced by coercion"
"2","NAs introduced by coercion"
"2","NAs introduced by coercion"
"2","NAs introduced by coercion"
"2","NAs introduced by coercion"
"2","NAs introduced by coercion"
"2","NAs introduced by coercion"
"2","NAs introduced by coercion"
"2","NAs introduced by coercion"
"2","NAs introduced by coercion"
"2","NAs introduced by coercion"
"2","NAs introduced by coercion"
"2","NAs introduced by coercion"
"2","NAs introduced by coercion"
"2","NAs introduced by coercion"
"2","NAs introduced by coercion"
"2","NAs introduced by coercion"
"2","NAs introduced by coercion"
"2","NAs introduced by coercion"
"2","NAs introduced by coercion"
"2","NAs introduced by coercion"
"2","NAs introduced by coercion"
"2","NAs introduced by coercion"
"2","NAs introduced by coercion"
"2","NAs introduced by coercion"
"2","NAs introduced by coercion"
"2","NAs introduced by coercion"
"2","NAs introduced by coercion"
"2","NAs introduced by coercion"
"2","NAs introduced by coercion"
"2","NAs introduced by coercion"
"2","NAs introduced by coercion"
"2","NAs introduced by coercion"
"2","NAs introduced by coercion"
"2","NAs introduced by coercion"
"2","NAs introduced by coercion"
"2","NAs introduced by coercion"
"2","NAs introduced by coercion"
"2","NAs introduced by coercion"
"2","NAs introduced by coercion"
"2","NAs introduced by coercion"
"2","NAs introduced by coercion"
"2","NAs introduced by coercion"
"2","NAs introduced by coercion"
"2","NAs introduced by coercion"
"2","NAs introduced by coercion"
"2","NAs introduced by coercion"
"2","NAs introduced by coercion"
"2","NAs introduced by coercion"
"2","NAs introduced by coercion"
"2","NAs introduced by coercion"
"2","NAs introduced by coercion"
"2","NAs introduced by coercion"
"2","NAs introduced by coercion"
"2","NAs introduced by coercion"
"2","NAs introduced by coercion"
"2","NAs introduced by coercion"
"2","NAs introduced by coercion"
"2","NAs introduced by coercion"
"2","NAs introduced by coercion"
"2","NAs introduced by coercion"
"2","NAs introduced by coercion"
"2","NAs introduced by coercion"
"2","NAs introduced by coercion"
"2","NAs introduced by coercion"
"2","NAs introduced by coercion"
"2","NAs introduced by coercion"
"2","NAs introduced by coercion"
"2","NAs introduced by coercion"
"2","NAs introduced by coercion"
"2","NAs introduced by coercion"
"2","NAs introduced by coercion"
"2","NAs introduced by coercion"
"2","NAs introduced by coercion"
"2","NAs introduced by coercion"
"2","NAs introduced by coercion"
"2","NAs introduced by coercion"
"2","NAs introduced by coercion"
"2","NAs introduced by coercion"
"2","NAs introduced by coercion"
"2","NAs introduced by coercion"
"2","NAs introduced by coercion"
"2","NAs introduced by coercion"
"2","NAs introduced by coercion"
"2","NAs introduced by coercion"
"2","NAs introduced by coercion"
"2","NAs introduced by coercion"
"2","NAs introduced by coercion"
"2","NAs introduced by coercion"
"2","NAs introduced by coercion"
"2","NAs introduced by coercion"
"2","NAs introduced by coercion"
"2","NAs introduced by coercion"
"2","NAs introduced by coercion"
"2","NAs introduced by coercion"
"2","NAs introduced by coercion"
"2","NAs introduced by coercion"
"2","NAs introduced by coercion"
"2","NAs introduced by coercion"
"2","NAs introduced by coercion"
"2","NAs introduced by coercion"
"2","NAs introduced by coercion"
"2","NAs introduced by coercion"
"2","NAs introduced by coercion"
"2","NAs introduced by coercion"
"2","NAs introduced by coercion"
"2","NAs introduced by coercion"
"2","NAs introduced by coercion"
"2","NAs introduced by coercion"
"2","NAs introduced by coercion"
"2","NAs introduced by coercion"
"2","NAs introduced by coercion"
"2","NAs introduced by coercion"
"2","NAs introduced by coercion"
"2","NAs introduced by coercion"
"2","NAs introduced by coercion"
"2","NAs introduced by coercion"
"2","NAs introduced by coercion"
"2","NAs introduced by coercion"
"2","NAs introduced by coercion"
"2","NAs introduced by coercion"
"2","NAs introduced by coercion"
"2","NAs introduced by coercion"
"2","NAs introduced by coercion"
"2","NAs introduced by coercion"
"2","NAs introduced by coercion"
"2","NAs introduced by coercion"
"2","NAs introduced by coercion"
"2","NAs introduced by coercion"
"2","NAs introduced by coercion"
"2","NAs introduced by coercion"
"2","NAs introduced by coercion"
"2","NAs introduced by coercion"
"2","NAs introduced by coercion"
"2","NAs introduced by coercion"
"2","NAs introduced by coercion"
"2","NAs introduced by coercion"
"2","NAs introduced by coercion"
"2","NAs introduced by coercion"
"2","NAs introduced by coercion"
"2","NAs introduced by coercion"
"2","NAs introduced by coercion"
"2","NAs introduced by coercion"
"2","NAs introduced by coercion"
"2","NAs introduced by coercion"
"2","NAs introduced by coercion"
"2","NAs introduced by coercion"
"2","NAs introduced by coercion"
"2","NAs introduced by coercion"
"2","NAs introduced by coercion"
"2","NAs introduced by coercion"
"2","NAs introduced by coercion"
"2","NAs introduced by coercion"
"2","NAs introduced by coercion"
"2","NAs introduced by coercion"
"2","NAs introduced by coercion"
"2","NAs introduced by coercion"
"2","NAs introduced by coercion"
"2","NAs introduced by coercion"
"2","NAs introduced by coercion"
"2","NAs introduced by coercion"
"2","NAs introduced by coercion"
"2","NAs introduced by coercion"
"2","NAs introduced by coercion"
"2","NAs introduced by coercion"
"2","NAs introduced by coercion"
"2","NAs introduced by coercion"
"2","NAs introduced by coercion"
"2","NAs introduced by coercion"
"2","NAs introduced by coercion"
"2","NAs introduced by coercion"
"2","NAs introduced by coercion"
"2","NAs introduced by coercion"
"2","NAs introduced by coercion"
"2","NAs introduced by coercion"
"2","NAs introduced by coercion"
"2","NAs introduced by coercion"
"2","NAs introduced by coercion"
"2","NAs introduced by coercion"
"2","NAs introduced by coercion"
"2","NAs introduced by coercion"
"2","NAs introduced by coercion"
"1","[1]"
"1"," ""PROF and PIG station mismatch detected. Moving to closest PROF detection method."""
"1","
"
"2","NAs introduced by coercion"
"2","NAs introduced by coercion"
"2","NAs introduced by coercion"
"2","NAs introduced by coercion"
"2","NAs introduced by coercion"
"2","NAs introduced by coercion"
"2","NAs introduced by coercion"
"2","NAs introduced by coercion"
"2","NAs introduced by coercion"
"2","NAs introduced by coercion"
"2","NAs introduced by coercion"
"2","NAs introduced by coercion"
"2","NAs introduced by coercion"
"2","NAs introduced by coercion"
"2","NAs introduced by coercion"
"2","NAs introduced by coercion"
"2","NAs introduced by coercion"
"2","NAs introduced by coercion"
"2","NAs introduced by coercion"
"2","NAs introduced by coercion"
"2","NAs introduced by coercion"
"2","NAs introduced by coercion"
"2","NAs introduced by coercion"
"2","NAs introduced by coercion"
"2","NAs introduced by coercion"
"2","NAs introduced by coercion"
"2","NAs introduced by coercion"
"2","NAs introduced by coercion"
"2","NAs introduced by coercion"
"2","NAs introduced by coercion"
"2","NAs introduced by coercion"
"2","NAs introduced by coercion"
"2","NAs introduced by coercion"
"2","NAs introduced by coercion"
"2","NAs introduced by coercion"
"2","NAs introduced by coercion"
"2","NAs introduced by coercion"
"2","NAs introduced by coercion"
"2","NAs introduced by coercion"
"2","NAs introduced by coercion"
"2","NAs introduced by coercion"
"2","NAs introduced by coercion"
"2","NAs introduced by coercion"
"2","NAs introduced by coercion"
"2","NAs introduced by coercion"
"2","NAs introduced by coercion"
"2","NAs introduced by coercion"
"2","NAs introduced by coercion"
"2","NAs introduced by coercion"
"2","NAs introduced by coercion"
"2","NAs introduced by coercion"
"2","NAs introduced by coercion"
"2","NAs introduced by coercion"
"2","NAs introduced by coercion"
"2","NAs introduced by coercion"
"2","NAs introduced by coercion"
"2","NAs introduced by coercion"
"2","NAs introduced by coercion"
"2","NAs introduced by coercion"
"2","NAs introduced by coercion"
"2","NAs introduced by coercion"
"2","NAs introduced by coercion"
"2","NAs introduced by coercion"
"2","NAs introduced by coercion"
"2","NAs introduced by coercion"
"2","NAs introduced by coercion"
"2","NAs introduced by coercion"
"2","NAs introduced by coercion"
"2","NAs introduced by coercion"
"2","NAs introduced by coercion"
"2","NAs introduced by coercion"
"2","NAs introduced by coercion"
"2","NAs introduced by coercion"
"2","NAs introduced by coercion"
"2","NAs introduced by coercion"
"2","NAs introduced by coercion"
"2","NAs introduced by coercion"
"2","NAs introduced by coercion"
"2","NAs introduced by coercion"
"2","NAs introduced by coercion"
"2","NAs introduced by coercion"
"2","NAs introduced by coercion"
"2","NAs introduced by coercion"
"2","NAs introduced by coercion"
"2","NAs introduced by coercion"
"2","NAs introduced by coercion"
"2","NAs introduced by coercion"
"2","NAs introduced by coercion"
"2","NAs introduced by coercion"
"2","NAs introduced by coercion"
"2","NAs introduced by coercion"
"2","NAs introduced by coercion"
"2","NAs introduced by coercion"
"2","NAs introduced by coercion"
"2","NAs introduced by coercion"
"2","NAs introduced by coercion"
"2","NAs introduced by coercion"
"2","NAs introduced by coercion"
"2","NAs introduced by coercion"
"2","NAs introduced by coercion"
"2","NAs introduced by coercion"
"2","NAs introduced by coercion"
"2","NAs introduced by coercion"
"2","NAs introduced by coercion"
"2","NAs introduced by coercion"
"2","NAs introduced by coercion"
"2","NAs introduced by coercion"
"2","NAs introduced by coercion"
"2","NAs introduced by coercion"
"2","NAs introduced by coercion"
"2","NAs introduced by coercion"
"2","NAs introduced by coercion"
"2","NAs introduced by coercion"
"2","NAs introduced by coercion"
"2","NAs introduced by coercion"
"2","NAs introduced by coercion"
"2","NAs introduced by coercion"
"2","NAs introduced by coercion"
"2","NAs introduced by coercion"
"2","NAs introduced by coercion"
"2","NAs introduced by coercion"
"2","NAs introduced by coercion"
"2","NAs introduced by coercion"
"2","NAs introduced by coercion"
"2","NAs introduced by coercion"
"2","NAs introduced by coercion"
"2","NAs introduced by coercion"
"2","NAs introduced by coercion"
"2","NAs introduced by coercion"
"2","NAs introduced by coercion"
"2","NAs introduced by coercion"
"2","NAs introduced by coercion"
"2","NAs introduced by coercion"
"2","NAs introduced by coercion"
"2","NAs introduced by coercion"
"2","NAs introduced by coercion"
"2","NAs introduced by coercion"
"2","NAs introduced by coercion"
"2","NAs introduced by coercion"
"2","NAs introduced by coercion"
"2","NAs introduced by coercion"
"2","NAs introduced by coercion"
"2","NAs introduced by coercion"
"2","NAs introduced by coercion"
"2","NAs introduced by coercion"
"2","NAs introduced by coercion"
"2","NAs introduced by coercion"
"2","NAs introduced by coercion"
"2","NAs introduced by coercion"
"2","NAs introduced by coercion"
"2","NAs introduced by coercion"
"2","NAs introduced by coercion"
"2","NAs introduced by coercion"
"2","NAs introduced by coercion"
"2","NAs introduced by coercion"
"2","NAs introduced by coercion"
"2","NAs introduced by coercion"
"2","NAs introduced by coercion"
"2","NAs introduced by coercion"
"2","NAs introduced by coercion"
"2","NAs introduced by coercion"
"2","NAs introduced by coercion"
"2","NAs introduced by coercion"
"2","NAs introduced by coercion"
"2","NAs introduced by coercion"
"2","NAs introduced by coercion"
"2","NAs introduced by coercion"
"2","NAs introduced by coercion"
"2","NAs introduced by coercion"
"2","NAs introduced by coercion"
"2","NAs introduced by coercion"
"2","NAs introduced by coercion"
"2","NAs introduced by coercion"
"2","NAs introduced by coercion"
"2","NAs introduced by coercion"
"2","NAs introduced by coercion"
"2","NAs introduced by coercion"
"2","NAs introduced by coercion"
"2","NAs introduced by coercion"
"2","NAs introduced by coercion"
"2","NAs introduced by coercion"
"2","NAs introduced by coercion"
"2","NAs introduced by coercion"
"2","NAs introduced by coercion"
"2","NAs introduced by coercion"
"2","NAs introduced by coercion"
"2","NAs introduced by coercion"
"2","NAs introduced by coercion"
"2","NAs introduced by coercion"
"2","NAs introduced by coercion"
"2","NAs introduced by coercion"
"2","NAs introduced by coercion"
"2","NAs introduced by coercion"
"2","NAs introduced by coercion"
"2","NAs introduced by coercion"
"2","NAs introduced by coercion"
"2","NAs introduced by coercion"
"2","NAs introduced by coercion"
"2","NAs introduced by coercion"
"2","NAs introduced by coercion"
"2","NAs introduced by coercion"
"2","NAs introduced by coercion"
"2","NAs introduced by coercion"
"2","NAs introduced by coercion"
"2","NAs introduced by coercion"
"2","NAs introduced by coercion"
"2","NAs introduced by coercion"
"2","NAs introduced by coercion"
"2","NAs introduced by coercion"
"2","NAs introduced by coercion"
"2","NAs introduced by coercion"
"2","NAs introduced by coercion"
"2","NAs introduced by coercion"
"2","NAs introduced by coercion"
"2","NAs introduced by coercion"
"2","NAs introduced by coercion"
"2","NAs introduced by coercion"
"2","NAs introduced by coercion"
"2","NAs introduced by coercion"
"2","NAs introduced by coercion"
"2","NAs introduced by coercion"
"2","NAs introduced by coercion"
"2","NAs introduced by coercion"
"2","NAs introduced by coercion"
"2","NAs introduced by coercion"
"2","NAs introduced by coercion"
"2","NAs introduced by coercion"
"2","NAs introduced by coercion"
"2","NAs introduced by coercion"
"2","NAs introduced by coercion"
"2","NAs introduced by coercion"
"2","NAs introduced by coercion"
"2","NAs introduced by coercion"
"2","NAs introduced by coercion"
"2","NAs introduced by coercion"
"2","NAs introduced by coercion"
"2","NAs introduced by coercion"
"2","NAs introduced by coercion"
"2","NAs introduced by coercion"
"2","NAs introduced by coercion"
"2","NAs introduced by coercion"
"2","NAs introduced by coercion"
"2","NAs introduced by coercion"
"2","NAs introduced by coercion"
"2","NAs introduced by coercion"
"2","NAs introduced by coercion"
"2","NAs introduced by coercion"
"2","NAs introduced by coercion"
"2","NAs introduced by coercion"
"2","NAs introduced by coercion"
"2","NAs introduced by coercion"
"2","NAs introduced by coercion"
"2","NAs introduced by coercion"
"2","NAs introduced by coercion"
"1","[1]"
"1"," ""row 30 EXPOCODE 09AR19930311 SOURCE AADC METHOD Wright_1991 successfully run"""
"1","
"
"1","[1]"
"1"," ""Warning:There is no station number assigned for a data point in 30 09AR19930311  Is this point underway?"""
"1","
"
"1","[1]"
"1"," ""row 31 EXPOCODE 09AR19931119 SOURCE AADC METHOD Wright_1991 successfully run"""
"1","
"
"2","Warning in if (is.character(fun)) fun <- get(fun, mode = ""function"", envir = envir) :"
"2","
 "
"2"," closing unused connection 3 (C:/Users/kabaldry/OneDrive - University of Tasmania/Documents/Projects/BIO-MATE//reformatted_data/pigments/09AR19930105_PIG_AADC_Wright_1991.csv)
"
"2","NAs introduced by coercion"
"2","NAs introduced by coercion"
"2","NAs introduced by coercion"
"2","NAs introduced by coercion"
"2","NAs introduced by coercion"
"2","NAs introduced by coercion"
"2","NAs introduced by coercion"
"2","NAs introduced by coercion"
"2","NAs introduced by coercion"
"2","NAs introduced by coercion"
"2","NAs introduced by coercion"
"2","NAs introduced by coercion"
"2","NAs introduced by coercion"
"2","NAs introduced by coercion"
"2","NAs introduced by coercion"
"2","NAs introduced by coercion"
"2","NAs introduced by coercion"
"2","NAs introduced by coercion"
"2","NAs introduced by coercion"
"2","NAs introduced by coercion"
"2","NAs introduced by coercion"
"2","NAs introduced by coercion"
"2","NAs introduced by coercion"
"2","NAs introduced by coercion"
"2","NAs introduced by coercion"
"2","NAs introduced by coercion"
"2","NAs introduced by coercion"
"2","NAs introduced by coercion"
"2","NAs introduced by coercion"
"2","NAs introduced by coercion"
"2","NAs introduced by coercion"
"2","NAs introduced by coercion"
"2","NAs introduced by coercion"
"2","NAs introduced by coercion"
"2","NAs introduced by coercion"
"2","NAs introduced by coercion"
"2","NAs introduced by coercion"
"2","NAs introduced by coercion"
"2","NAs introduced by coercion"
"2","NAs introduced by coercion"
"2","NAs introduced by coercion"
"2","NAs introduced by coercion"
"2","NAs introduced by coercion"
"2","NAs introduced by coercion"
"2","NAs introduced by coercion"
"2","NAs introduced by coercion"
"2","NAs introduced by coercion"
"2","NAs introduced by coercion"
"2","NAs introduced by coercion"
"2","NAs introduced by coercion"
"2","NAs introduced by coercion"
"2","NAs introduced by coercion"
"2","NAs introduced by coercion"
"2","NAs introduced by coercion"
"2","NAs introduced by coercion"
"2","NAs introduced by coercion"
"2","NAs introduced by coercion"
"2","NAs introduced by coercion"
"2","NAs introduced by coercion"
"2","NAs introduced by coercion"
"2","NAs introduced by coercion"
"2","NAs introduced by coercion"
"2","NAs introduced by coercion"
"2","NAs introduced by coercion"
"2","NAs introduced by coercion"
"2","NAs introduced by coercion"
"2","NAs introduced by coercion"
"2","NAs introduced by coercion"
"2","NAs introduced by coercion"
"2","NAs introduced by coercion"
"2","NAs introduced by coercion"
"2","NAs introduced by coercion"
"2","NAs introduced by coercion"
"2","NAs introduced by coercion"
"2","NAs introduced by coercion"
"2","NAs introduced by coercion"
"2","NAs introduced by coercion"
"2","NAs introduced by coercion"
"2","NAs introduced by coercion"
"2","NAs introduced by coercion"
"2","NAs introduced by coercion"
"2","NAs introduced by coercion"
"2","NAs introduced by coercion"
"2","NAs introduced by coercion"
"2","NAs introduced by coercion"
"2","NAs introduced by coercion"
"2","NAs introduced by coercion"
"2","NAs introduced by coercion"
"2","NAs introduced by coercion"
"2","NAs introduced by coercion"
"2","NAs introduced by coercion"
"2","NAs introduced by coercion"
"2","NAs introduced by coercion"
"2","NAs introduced by coercion"
"2","NAs introduced by coercion"
"2","NAs introduced by coercion"
"2","NAs introduced by coercion"
"2","NAs introduced by coercion"
"2","NAs introduced by coercion"
"2","NAs introduced by coercion"
"2","NAs introduced by coercion"
"2","NAs introduced by coercion"
"2","NAs introduced by coercion"
"2","NAs introduced by coercion"
"2","NAs introduced by coercion"
"2","NAs introduced by coercion"
"2","NAs introduced by coercion"
"2","NAs introduced by coercion"
"2","NAs introduced by coercion"
"2","NAs introduced by coercion"
"2","NAs introduced by coercion"
"2","NAs introduced by coercion"
"2","NAs introduced by coercion"
"2","NAs introduced by coercion"
"2","NAs introduced by coercion"
"2","NAs introduced by coercion"
"2","NAs introduced by coercion"
"2","NAs introduced by coercion"
"2","NAs introduced by coercion"
"2","NAs introduced by coercion"
"2","NAs introduced by coercion"
"2","NAs introduced by coercion"
"2","NAs introduced by coercion"
"2","NAs introduced by coercion"
"2","NAs introduced by coercion"
"2","NAs introduced by coercion"
"2","NAs introduced by coercion"
"2","NAs introduced by coercion"
"2","NAs introduced by coercion"
"2","NAs introduced by coercion"
"2","NAs introduced by coercion"
"2","NAs introduced by coercion"
"2","NAs introduced by coercion"
"2","NAs introduced by coercion"
"2","NAs introduced by coercion"
"2","NAs introduced by coercion"
"2","NAs introduced by coercion"
"2","NAs introduced by coercion"
"2","NAs introduced by coercion"
"2","NAs introduced by coercion"
"2","NAs introduced by coercion"
"2","NAs introduced by coercion"
"2","NAs introduced by coercion"
"2","NAs introduced by coercion"
"2","NAs introduced by coercion"
"2","NAs introduced by coercion"
"2","NAs introduced by coercion"
"2","NAs introduced by coercion"
"2","NAs introduced by coercion"
"2","NAs introduced by coercion"
"2","NAs introduced by coercion"
"2","NAs introduced by coercion"
"2","NAs introduced by coercion"
"2","NAs introduced by coercion"
"2","NAs introduced by coercion"
"2","NAs introduced by coercion"
"2","NAs introduced by coercion"
"2","NAs introduced by coercion"
"2","NAs introduced by coercion"
"2","NAs introduced by coercion"
"1","[1]"
"1"," ""PROF and PIG station mismatch detected. Moving to closest PROF detection method."""
"1","
"
"2","NAs introduced by coercion"
"2","NAs introduced by coercion"
"2","NAs introduced by coercion"
"2","NAs introduced by coercion"
"2","NAs introduced by coercion"
"2","NAs introduced by coercion"
"2","NAs introduced by coercion"
"2","NAs introduced by coercion"
"2","NAs introduced by coercion"
"2","NAs introduced by coercion"
"2","NAs introduced by coercion"
"2","NAs introduced by coercion"
"2","NAs introduced by coercion"
"2","NAs introduced by coercion"
"2","NAs introduced by coercion"
"2","NAs introduced by coercion"
"2","NAs introduced by coercion"
"2","NAs introduced by coercion"
"2","NAs introduced by coercion"
"2","NAs introduced by coercion"
"2","NAs introduced by coercion"
"2","NAs introduced by coercion"
"2","NAs introduced by coercion"
"2","NAs introduced by coercion"
"2","NAs introduced by coercion"
"2","NAs introduced by coercion"
"2","NAs introduced by coercion"
"2","NAs introduced by coercion"
"2","NAs introduced by coercion"
"2","NAs introduced by coercion"
"2","NAs introduced by coercion"
"2","NAs introduced by coercion"
"2","NAs introduced by coercion"
"2","NAs introduced by coercion"
"2","NAs introduced by coercion"
"2","NAs introduced by coercion"
"2","NAs introduced by coercion"
"2","NAs introduced by coercion"
"2","NAs introduced by coercion"
"2","NAs introduced by coercion"
"2","NAs introduced by coercion"
"2","NAs introduced by coercion"
"2","NAs introduced by coercion"
"2","NAs introduced by coercion"
"2","NAs introduced by coercion"
"2","NAs introduced by coercion"
"2","NAs introduced by coercion"
"2","NAs introduced by coercion"
"2","NAs introduced by coercion"
"2","NAs introduced by coercion"
"2","NAs introduced by coercion"
"2","NAs introduced by coercion"
"2","NAs introduced by coercion"
"2","NAs introduced by coercion"
"2","NAs introduced by coercion"
"2","NAs introduced by coercion"
"2","NAs introduced by coercion"
"2","NAs introduced by coercion"
"2","NAs introduced by coercion"
"2","NAs introduced by coercion"
"2","NAs introduced by coercion"
"2","NAs introduced by coercion"
"2","NAs introduced by coercion"
"2","NAs introduced by coercion"
"2","NAs introduced by coercion"
"2","NAs introduced by coercion"
"2","NAs introduced by coercion"
"2","NAs introduced by coercion"
"2","NAs introduced by coercion"
"2","NAs introduced by coercion"
"2","NAs introduced by coercion"
"2","NAs introduced by coercion"
"2","NAs introduced by coercion"
"2","NAs introduced by coercion"
"2","NAs introduced by coercion"
"2","NAs introduced by coercion"
"2","NAs introduced by coercion"
"2","NAs introduced by coercion"
"2","NAs introduced by coercion"
"2","NAs introduced by coercion"
"2","NAs introduced by coercion"
"2","NAs introduced by coercion"
"2","NAs introduced by coercion"
"2","NAs introduced by coercion"
"2","NAs introduced by coercion"
"2","NAs introduced by coercion"
"2","NAs introduced by coercion"
"2","NAs introduced by coercion"
"2","NAs introduced by coercion"
"2","NAs introduced by coercion"
"2","NAs introduced by coercion"
"2","NAs introduced by coercion"
"2","NAs introduced by coercion"
"2","NAs introduced by coercion"
"2","NAs introduced by coercion"
"2","NAs introduced by coercion"
"2","NAs introduced by coercion"
"2","NAs introduced by coercion"
"2","NAs introduced by coercion"
"2","NAs introduced by coercion"
"2","NAs introduced by coercion"
"2","NAs introduced by coercion"
"2","NAs introduced by coercion"
"2","NAs introduced by coercion"
"2","NAs introduced by coercion"
"2","NAs introduced by coercion"
"2","NAs introduced by coercion"
"2","NAs introduced by coercion"
"2","NAs introduced by coercion"
"2","NAs introduced by coercion"
"2","NAs introduced by coercion"
"2","NAs introduced by coercion"
"2","NAs introduced by coercion"
"2","NAs introduced by coercion"
"2","NAs introduced by coercion"
"2","NAs introduced by coercion"
"2","NAs introduced by coercion"
"2","NAs introduced by coercion"
"2","NAs introduced by coercion"
"2","NAs introduced by coercion"
"2","NAs introduced by coercion"
"2","NAs introduced by coercion"
"2","NAs introduced by coercion"
"2","NAs introduced by coercion"
"2","NAs introduced by coercion"
"2","NAs introduced by coercion"
"2","NAs introduced by coercion"
"2","NAs introduced by coercion"
"2","NAs introduced by coercion"
"2","NAs introduced by coercion"
"2","NAs introduced by coercion"
"2","NAs introduced by coercion"
"2","NAs introduced by coercion"
"2","NAs introduced by coercion"
"2","NAs introduced by coercion"
"2","NAs introduced by coercion"
"2","NAs introduced by coercion"
"2","NAs introduced by coercion"
"2","NAs introduced by coercion"
"2","NAs introduced by coercion"
"2","NAs introduced by coercion"
"2","NAs introduced by coercion"
"2","NAs introduced by coercion"
"2","NAs introduced by coercion"
"2","NAs introduced by coercion"
"2","NAs introduced by coercion"
"2","NAs introduced by coercion"
"2","NAs introduced by coercion"
"2","NAs introduced by coercion"
"2","NAs introduced by coercion"
"2","NAs introduced by coercion"
"2","NAs introduced by coercion"
"2","NAs introduced by coercion"
"2","NAs introduced by coercion"
"2","NAs introduced by coercion"
"2","NAs introduced by coercion"
"2","NAs introduced by coercion"
"2","NAs introduced by coercion"
"2","NAs introduced by coercion"
"2","NAs introduced by coercion"
"2","NAs introduced by coercion"
"2","NAs introduced by coercion"
"2","NAs introduced by coercion"
"2","NAs introduced by coercion"
"2","NAs introduced by coercion"
"2","NAs introduced by coercion"
"2","NAs introduced by coercion"
"2","NAs introduced by coercion"
"2","NAs introduced by coercion"
"2","NAs introduced by coercion"
"2","NAs introduced by coercion"
"2","NAs introduced by coercion"
"2","NAs introduced by coercion"
"2","NAs introduced by coercion"
"2","NAs introduced by coercion"
"2","NAs introduced by coercion"
"2","NAs introduced by coercion"
"2","NAs introduced by coercion"
"2","NAs introduced by coercion"
"2","NAs introduced by coercion"
"2","NAs introduced by coercion"
"2","NAs introduced by coercion"
"2","NAs introduced by coercion"
"2","NAs introduced by coercion"
"2","NAs introduced by coercion"
"2","NAs introduced by coercion"
"2","NAs introduced by coercion"
"2","NAs introduced by coercion"
"2","NAs introduced by coercion"
"2","NAs introduced by coercion"
"2","NAs introduced by coercion"
"2","NAs introduced by coercion"
"2","NAs introduced by coercion"
"2","NAs introduced by coercion"
"2","NAs introduced by coercion"
"2","NAs introduced by coercion"
"2","NAs introduced by coercion"
"2","NAs introduced by coercion"
"2","NAs introduced by coercion"
"2","NAs introduced by coercion"
"2","NAs introduced by coercion"
"2","NAs introduced by coercion"
"1","[1]"
"1"," ""row 32 EXPOCODE 09AR19940101 SOURCE AADC METHOD Wright_1991 successfully run"""
"1","
"
"1","[1]"
"1"," ""Warning:There is no station number assigned for a data point in 32 09AR19940101  Is this point underway?"""
"1","
"
"1","[1]"
"1"," ""row 33 EXPOCODE 09AR19941213 SOURCE AADC METHOD Wright_1991 successfully run"""
"1","
"
"2","NAs introduced by coercion"
"2","NAs introduced by coercion"
"2","NAs introduced by coercion"
"2","NAs introduced by coercion"
"2","NAs introduced by coercion"
"2","NAs introduced by coercion"
"2","NAs introduced by coercion"
"2","NAs introduced by coercion"
"2","NAs introduced by coercion"
"2","NAs introduced by coercion"
"2","NAs introduced by coercion"
"2","NAs introduced by coercion"
"2","NAs introduced by coercion"
"2","NAs introduced by coercion"
"2","NAs introduced by coercion"
"2","NAs introduced by coercion"
"2","NAs introduced by coercion"
"2","NAs introduced by coercion"
"2","NAs introduced by coercion"
"2","NAs introduced by coercion"
"2","NAs introduced by coercion"
"2","NAs introduced by coercion"
"2","NAs introduced by coercion"
"2","NAs introduced by coercion"
"2","NAs introduced by coercion"
"2","NAs introduced by coercion"
"2","NAs introduced by coercion"
"2","NAs introduced by coercion"
"2","NAs introduced by coercion"
"2","NAs introduced by coercion"
"2","NAs introduced by coercion"
"2","NAs introduced by coercion"
"2","NAs introduced by coercion"
"2","NAs introduced by coercion"
"2","NAs introduced by coercion"
"2","NAs introduced by coercion"
"2","NAs introduced by coercion"
"2","NAs introduced by coercion"
"2","NAs introduced by coercion"
"2","NAs introduced by coercion"
"2","NAs introduced by coercion"
"2","NAs introduced by coercion"
"2","NAs introduced by coercion"
"2","NAs introduced by coercion"
"2","NAs introduced by coercion"
"2","NAs introduced by coercion"
"2","NAs introduced by coercion"
"2","NAs introduced by coercion"
"2","NAs introduced by coercion"
"2","NAs introduced by coercion"
"2","NAs introduced by coercion"
"2","NAs introduced by coercion"
"2","NAs introduced by coercion"
"2","NAs introduced by coercion"
"2","NAs introduced by coercion"
"2","NAs introduced by coercion"
"2","NAs introduced by coercion"
"2","NAs introduced by coercion"
"2","NAs introduced by coercion"
"2","NAs introduced by coercion"
"2","NAs introduced by coercion"
"2","NAs introduced by coercion"
"2","NAs introduced by coercion"
"2","NAs introduced by coercion"
"2","NAs introduced by coercion"
"2","NAs introduced by coercion"
"2","NAs introduced by coercion"
"2","NAs introduced by coercion"
"2","NAs introduced by coercion"
"2","NAs introduced by coercion"
"2","NAs introduced by coercion"
"2","NAs introduced by coercion"
"2","NAs introduced by coercion"
"2","NAs introduced by coercion"
"2","NAs introduced by coercion"
"2","NAs introduced by coercion"
"2","NAs introduced by coercion"
"2","NAs introduced by coercion"
"2","NAs introduced by coercion"
"2","NAs introduced by coercion"
"2","NAs introduced by coercion"
"2","NAs introduced by coercion"
"2","NAs introduced by coercion"
"2","NAs introduced by coercion"
"2","NAs introduced by coercion"
"2","NAs introduced by coercion"
"2","NAs introduced by coercion"
"2","NAs introduced by coercion"
"2","NAs introduced by coercion"
"2","NAs introduced by coercion"
"1","[1]"
"1"," ""PROF and PIG station mismatch detected. Moving to closest PROF detection method."""
"1","
"
"2","NAs introduced by coercion"
"2","NAs introduced by coercion"
"2","NAs introduced by coercion"
"2","NAs introduced by coercion"
"2","NAs introduced by coercion"
"2","NAs introduced by coercion"
"2","NAs introduced by coercion"
"2","NAs introduced by coercion"
"2","NAs introduced by coercion"
"2","NAs introduced by coercion"
"2","NAs introduced by coercion"
"2","NAs introduced by coercion"
"2","NAs introduced by coercion"
"2","NAs introduced by coercion"
"2","NAs introduced by coercion"
"2","NAs introduced by coercion"
"2","NAs introduced by coercion"
"2","NAs introduced by coercion"
"2","NAs introduced by coercion"
"2","NAs introduced by coercion"
"2","NAs introduced by coercion"
"2","NAs introduced by coercion"
"2","NAs introduced by coercion"
"2","NAs introduced by coercion"
"2","NAs introduced by coercion"
"2","NAs introduced by coercion"
"2","NAs introduced by coercion"
"2","NAs introduced by coercion"
"2","NAs introduced by coercion"
"2","NAs introduced by coercion"
"2","NAs introduced by coercion"
"2","NAs introduced by coercion"
"2","NAs introduced by coercion"
"2","NAs introduced by coercion"
"2","NAs introduced by coercion"
"2","NAs introduced by coercion"
"2","NAs introduced by coercion"
"2","NAs introduced by coercion"
"2","NAs introduced by coercion"
"2","NAs introduced by coercion"
"2","NAs introduced by coercion"
"2","NAs introduced by coercion"
"2","NAs introduced by coercion"
"2","NAs introduced by coercion"
"2","NAs introduced by coercion"
"2","NAs introduced by coercion"
"2","NAs introduced by coercion"
"2","NAs introduced by coercion"
"2","NAs introduced by coercion"
"2","NAs introduced by coercion"
"2","NAs introduced by coercion"
"2","NAs introduced by coercion"
"2","NAs introduced by coercion"
"2","NAs introduced by coercion"
"2","NAs introduced by coercion"
"2","NAs introduced by coercion"
"2","NAs introduced by coercion"
"2","NAs introduced by coercion"
"2","NAs introduced by coercion"
"2","NAs introduced by coercion"
"2","NAs introduced by coercion"
"2","NAs introduced by coercion"
"2","NAs introduced by coercion"
"2","NAs introduced by coercion"
"2","NAs introduced by coercion"
"2","NAs introduced by coercion"
"2","NAs introduced by coercion"
"2","NAs introduced by coercion"
"2","NAs introduced by coercion"
"2","NAs introduced by coercion"
"2","NAs introduced by coercion"
"2","NAs introduced by coercion"
"2","NAs introduced by coercion"
"2","NAs introduced by coercion"
"2","NAs introduced by coercion"
"2","NAs introduced by coercion"
"2","NAs introduced by coercion"
"2","NAs introduced by coercion"
"2","NAs introduced by coercion"
"2","NAs introduced by coercion"
"2","NAs introduced by coercion"
"2","NAs introduced by coercion"
"2","NAs introduced by coercion"
"2","NAs introduced by coercion"
"2","NAs introduced by coercion"
"2","NAs introduced by coercion"
"2","NAs introduced by coercion"
"2","NAs introduced by coercion"
"2","NAs introduced by coercion"
"2","NAs introduced by coercion"
"2","NAs introduced by coercion"
"2","NAs introduced by coercion"
"2","NAs introduced by coercion"
"2","NAs introduced by coercion"
"2","NAs introduced by coercion"
"2","NAs introduced by coercion"
"2","NAs introduced by coercion"
"2","NAs introduced by coercion"
"2","NAs introduced by coercion"
"2","NAs introduced by coercion"
"2","NAs introduced by coercion"
"2","NAs introduced by coercion"
"2","NAs introduced by coercion"
"2","NAs introduced by coercion"
"2","NAs introduced by coercion"
"2","NAs introduced by coercion"
"2","NAs introduced by coercion"
"2","NAs introduced by coercion"
"2","NAs introduced by coercion"
"2","NAs introduced by coercion"
"2","NAs introduced by coercion"
"2","NAs introduced by coercion"
"2","NAs introduced by coercion"
"2","NAs introduced by coercion"
"2","NAs introduced by coercion"
"2","NAs introduced by coercion"
"2","NAs introduced by coercion"
"2","NAs introduced by coercion"
"2","NAs introduced by coercion"
"2","NAs introduced by coercion"
"2","NAs introduced by coercion"
"2","NAs introduced by coercion"
"2","NAs introduced by coercion"
"2","NAs introduced by coercion"
"2","NAs introduced by coercion"
"2","NAs introduced by coercion"
"2","NAs introduced by coercion"
"2","NAs introduced by coercion"
"2","NAs introduced by coercion"
"2","NAs introduced by coercion"
"2","NAs introduced by coercion"
"2","NAs introduced by coercion"
"2","NAs introduced by coercion"
"2","NAs introduced by coercion"
"2","NAs introduced by coercion"
"2","NAs introduced by coercion"
"2","NAs introduced by coercion"
"2","NAs introduced by coercion"
"2","NAs introduced by coercion"
"2","NAs introduced by coercion"
"2","NAs introduced by coercion"
"2","NAs introduced by coercion"
"2","NAs introduced by coercion"
"2","NAs introduced by coercion"
"2","NAs introduced by coercion"
"2","NAs introduced by coercion"
"2","NAs introduced by coercion"
"2","NAs introduced by coercion"
"2","NAs introduced by coercion"
"2","NAs introduced by coercion"
"2","NAs introduced by coercion"
"2","NAs introduced by coercion"
"2","NAs introduced by coercion"
"2","NAs introduced by coercion"
"2","NAs introduced by coercion"
"2","NAs introduced by coercion"
"2","NAs introduced by coercion"
"2","NAs introduced by coercion"
"2","NAs introduced by coercion"
"2","NAs introduced by coercion"
"2","NAs introduced by coercion"
"2","NAs introduced by coercion"
"2","NAs introduced by coercion"
"2","NAs introduced by coercion"
"2","NAs introduced by coercion"
"2","NAs introduced by coercion"
"2","NAs introduced by coercion"
"2","NAs introduced by coercion"
"2","NAs introduced by coercion"
"2","NAs introduced by coercion"
"2","NAs introduced by coercion"
"2","NAs introduced by coercion"
"2","NAs introduced by coercion"
"2","NAs introduced by coercion"
"2","NAs introduced by coercion"
"2","NAs introduced by coercion"
"2","NAs introduced by coercion"
"2","NAs introduced by coercion"
"2","NAs introduced by coercion"
"2","NAs introduced by coercion"
"2","NAs introduced by coercion"
"2","NAs introduced by coercion"
"2","NAs introduced by coercion"
"2","NAs introduced by coercion"
"2","NAs introduced by coercion"
"2","NAs introduced by coercion"
"2","NAs introduced by coercion"
"2","NAs introduced by coercion"
"2","NAs introduced by coercion"
"2","NAs introduced by coercion"
"2","NAs introduced by coercion"
"2","NAs introduced by coercion"
"2","NAs introduced by coercion"
"2","NAs introduced by coercion"
"2","NAs introduced by coercion"
"2","NAs introduced by coercion"
"2","NAs introduced by coercion"
"2","NAs introduced by coercion"
"2","NAs introduced by coercion"
"2","NAs introduced by coercion"
"2","NAs introduced by coercion"
"2","NAs introduced by coercion"
"2","NAs introduced by coercion"
"2","NAs introduced by coercion"
"2","NAs introduced by coercion"
"2","NAs introduced by coercion"
"2","NAs introduced by coercion"
"2","NAs introduced by coercion"
"2","NAs introduced by coercion"
"2","NAs introduced by coercion"
"2","NAs introduced by coercion"
"2","NAs introduced by coercion"
"2","NAs introduced by coercion"
"2","NAs introduced by coercion"
"2","NAs introduced by coercion"
"2","NAs introduced by coercion"
"2","NAs introduced by coercion"
"2","NAs introduced by coercion"
"2","NAs introduced by coercion"
"2","NAs introduced by coercion"
"2","NAs introduced by coercion"
"2","NAs introduced by coercion"
"2","NAs introduced by coercion"
"2","NAs introduced by coercion"
"2","NAs introduced by coercion"
"2","NAs introduced by coercion"
"2","NAs introduced by coercion"
"2","NAs introduced by coercion"
"2","NAs introduced by coercion"
"2","NAs introduced by coercion"
"2","NAs introduced by coercion"
"2","NAs introduced by coercion"
"2","NAs introduced by coercion"
"2","NAs introduced by coercion"
"2","NAs introduced by coercion"
"2","NAs introduced by coercion"
"2","NAs introduced by coercion"
"2","NAs introduced by coercion"
"2","NAs introduced by coercion"
"2","NAs introduced by coercion"
"2","NAs introduced by coercion"
"2","NAs introduced by coercion"
"2","NAs introduced by coercion"
"2","NAs introduced by coercion"
"2","NAs introduced by coercion"
"2","NAs introduced by coercion"
"2","NAs introduced by coercion"
"2","NAs introduced by coercion"
"2","NAs introduced by coercion"
"2","NAs introduced by coercion"
"2","NAs introduced by coercion"
"2","NAs introduced by coercion"
"2","NAs introduced by coercion"
"2","NAs introduced by coercion"
"2","NAs introduced by coercion"
"2","NAs introduced by coercion"
"2","NAs introduced by coercion"
"2","NAs introduced by coercion"
"2","NAs introduced by coercion"
"2","NAs introduced by coercion"
"2","NAs introduced by coercion"
"2","NAs introduced by coercion"
"2","NAs introduced by coercion"
"2","NAs introduced by coercion"
"2","NAs introduced by coercion"
"2","NAs introduced by coercion"
"2","NAs introduced by coercion"
"2","NAs introduced by coercion"
"2","NAs introduced by coercion"
"2","NAs introduced by coercion"
"2","NAs introduced by coercion"
"2","NAs introduced by coercion"
"2","NAs introduced by coercion"
"2","NAs introduced by coercion"
"2","NAs introduced by coercion"
"2","NAs introduced by coercion"
"2","NAs introduced by coercion"
"2","NAs introduced by coercion"
"2","NAs introduced by coercion"
"2","NAs introduced by coercion"
"2","NAs introduced by coercion"
"2","NAs introduced by coercion"
"2","NAs introduced by coercion"
"2","NAs introduced by coercion"
"2","NAs introduced by coercion"
"2","NAs introduced by coercion"
"2","NAs introduced by coercion"
"2","NAs introduced by coercion"
"2","NAs introduced by coercion"
"2","NAs introduced by coercion"
"2","NAs introduced by coercion"
"2","NAs introduced by coercion"
"2","NAs introduced by coercion"
"2","NAs introduced by coercion"
"2","NAs introduced by coercion"
"2","NAs introduced by coercion"
"2","NAs introduced by coercion"
"2","NAs introduced by coercion"
"2","NAs introduced by coercion"
"2","NAs introduced by coercion"
"2","NAs introduced by coercion"
"2","NAs introduced by coercion"
"2","NAs introduced by coercion"
"2","NAs introduced by coercion"
"2","NAs introduced by coercion"
"2","NAs introduced by coercion"
"2","NAs introduced by coercion"
"2","NAs introduced by coercion"
"2","NAs introduced by coercion"
"2","NAs introduced by coercion"
"2","NAs introduced by coercion"
"2","NAs introduced by coercion"
"2","NAs introduced by coercion"
"2","NAs introduced by coercion"
"2","NAs introduced by coercion"
"2","NAs introduced by coercion"
"2","NAs introduced by coercion"
"2","NAs introduced by coercion"
"2","NAs introduced by coercion"
"2","NAs introduced by coercion"
"2","NAs introduced by coercion"
"2","NAs introduced by coercion"
"2","NAs introduced by coercion"
"2","NAs introduced by coercion"
"2","NAs introduced by coercion"
"2","NAs introduced by coercion"
"2","NAs introduced by coercion"
"2","NAs introduced by coercion"
"2","NAs introduced by coercion"
"2","NAs introduced by coercion"
"2","NAs introduced by coercion"
"2","NAs introduced by coercion"
"2","NAs introduced by coercion"
"2","NAs introduced by coercion"
"2","NAs introduced by coercion"
"2","NAs introduced by coercion"
"2","NAs introduced by coercion"
"2","NAs introduced by coercion"
"2","NAs introduced by coercion"
"2","NAs introduced by coercion"
"2","NAs introduced by coercion"
"2","NAs introduced by coercion"
"2","NAs introduced by coercion"
"2","NAs introduced by coercion"
"2","NAs introduced by coercion"
"2","NAs introduced by coercion"
"2","NAs introduced by coercion"
"2","NAs introduced by coercion"
"2","NAs introduced by coercion"
"2","NAs introduced by coercion"
"2","NAs introduced by coercion"
"2","NAs introduced by coercion"
"2","NAs introduced by coercion"
"2","NAs introduced by coercion"
"2","NAs introduced by coercion"
"2","NAs introduced by coercion"
"2","NAs introduced by coercion"
"2","NAs introduced by coercion"
"2","NAs introduced by coercion"
"2","NAs introduced by coercion"
"2","NAs introduced by coercion"
"2","NAs introduced by coercion"
"2","NAs introduced by coercion"
"2","NAs introduced by coercion"
"2","NAs introduced by coercion"
"2","NAs introduced by coercion"
"2","NAs introduced by coercion"
"2","NAs introduced by coercion"
"2","NAs introduced by coercion"
"2","NAs introduced by coercion"
"2","NAs introduced by coercion"
"2","NAs introduced by coercion"
"2","NAs introduced by coercion"
"2","NAs introduced by coercion"
"2","NAs introduced by coercion"
"2","NAs introduced by coercion"
"2","NAs introduced by coercion"
"2","NAs introduced by coercion"
"2","NAs introduced by coercion"
"2","NAs introduced by coercion"
"2","NAs introduced by coercion"
"2","NAs introduced by coercion"
"2","NAs introduced by coercion"
"2","NAs introduced by coercion"
"2","NAs introduced by coercion"
"2","NAs introduced by coercion"
"2","NAs introduced by coercion"
"2","NAs introduced by coercion"
"2","NAs introduced by coercion"
"2","NAs introduced by coercion"
"2","NAs introduced by coercion"
"2","NAs introduced by coercion"
"2","NAs introduced by coercion"
"2","NAs introduced by coercion"
"2","NAs introduced by coercion"
"2","NAs introduced by coercion"
"2","NAs introduced by coercion"
"2","NAs introduced by coercion"
"2","NAs introduced by coercion"
"2","NAs introduced by coercion"
"2","NAs introduced by coercion"
"2","NAs introduced by coercion"
"2","NAs introduced by coercion"
"2","NAs introduced by coercion"
"2","NAs introduced by coercion"
"2","NAs introduced by coercion"
"2","NAs introduced by coercion"
"2","NAs introduced by coercion"
"2","NAs introduced by coercion"
"2","NAs introduced by coercion"
"2","NAs introduced by coercion"
"2","NAs introduced by coercion"
"2","NAs introduced by coercion"
"2","NAs introduced by coercion"
"2","NAs introduced by coercion"
"2","NAs introduced by coercion"
"1","[1]"
"1"," ""row 34 EXPOCODE 09AR19950717 SOURCE AADC METHOD Wright_1991 successfully run"""
"1","
"
"1","[1]"
"1"," ""Warning:There is no station number assigned for a data point in 34 09AR19950717  Is this point underway?"""
"1","
"
"2","NAs introduced by coercion"
"2","NAs introduced by coercion"
"2","NAs introduced by coercion"
"2","NAs introduced by coercion"
"2","NAs introduced by coercion"
"2","NAs introduced by coercion"
"2","NAs introduced by coercion"
"2","NAs introduced by coercion"
"2","NAs introduced by coercion"
"2","NAs introduced by coercion"
"2","NAs introduced by coercion"
"2","NAs introduced by coercion"
"2","NAs introduced by coercion"
"2","NAs introduced by coercion"
"2","NAs introduced by coercion"
"2","NAs introduced by coercion"
"2","NAs introduced by coercion"
"2","NAs introduced by coercion"
"2","NAs introduced by coercion"
"2","NAs introduced by coercion"
"2","NAs introduced by coercion"
"2","NAs introduced by coercion"
"2","NAs introduced by coercion"
"2","NAs introduced by coercion"
"2","NAs introduced by coercion"
"2","NAs introduced by coercion"
"2","NAs introduced by coercion"
"2","NAs introduced by coercion"
"2","NAs introduced by coercion"
"2","NAs introduced by coercion"
"2","NAs introduced by coercion"
"2","NAs introduced by coercion"
"2","NAs introduced by coercion"
"2","NAs introduced by coercion"
"2","NAs introduced by coercion"
"2","NAs introduced by coercion"
"2","NAs introduced by coercion"
"2","NAs introduced by coercion"
"2","NAs introduced by coercion"
"2","NAs introduced by coercion"
"2","NAs introduced by coercion"
"2","NAs introduced by coercion"
"2","NAs introduced by coercion"
"2","NAs introduced by coercion"
"2","NAs introduced by coercion"
"2","NAs introduced by coercion"
"2","NAs introduced by coercion"
"2","NAs introduced by coercion"
"2","NAs introduced by coercion"
"2","NAs introduced by coercion"
"2","NAs introduced by coercion"
"2","NAs introduced by coercion"
"2","NAs introduced by coercion"
"2","NAs introduced by coercion"
"2","NAs introduced by coercion"
"2","NAs introduced by coercion"
"2","NAs introduced by coercion"
"2","NAs introduced by coercion"
"2","NAs introduced by coercion"
"2","NAs introduced by coercion"
"2","NAs introduced by coercion"
"2","NAs introduced by coercion"
"2","NAs introduced by coercion"
"2","NAs introduced by coercion"
"2","NAs introduced by coercion"
"2","NAs introduced by coercion"
"2","NAs introduced by coercion"
"2","NAs introduced by coercion"
"2","NAs introduced by coercion"
"2","NAs introduced by coercion"
"2","NAs introduced by coercion"
"2","NAs introduced by coercion"
"2","NAs introduced by coercion"
"2","NAs introduced by coercion"
"2","NAs introduced by coercion"
"2","NAs introduced by coercion"
"2","NAs introduced by coercion"
"2","NAs introduced by coercion"
"2","NAs introduced by coercion"
"2","NAs introduced by coercion"
"2","NAs introduced by coercion"
"2","NAs introduced by coercion"
"2","NAs introduced by coercion"
"2","NAs introduced by coercion"
"2","NAs introduced by coercion"
"2","NAs introduced by coercion"
"2","NAs introduced by coercion"
"2","NAs introduced by coercion"
"2","NAs introduced by coercion"
"2","NAs introduced by coercion"
"2","NAs introduced by coercion"
"2","NAs introduced by coercion"
"2","NAs introduced by coercion"
"2","NAs introduced by coercion"
"2","NAs introduced by coercion"
"2","NAs introduced by coercion"
"2","NAs introduced by coercion"
"2","NAs introduced by coercion"
"2","NAs introduced by coercion"
"2","NAs introduced by coercion"
"2","NAs introduced by coercion"
"2","NAs introduced by coercion"
"2","NAs introduced by coercion"
"2","NAs introduced by coercion"
"2","NAs introduced by coercion"
"2","NAs introduced by coercion"
"2","NAs introduced by coercion"
"2","NAs introduced by coercion"
"2","NAs introduced by coercion"
"2","NAs introduced by coercion"
"2","NAs introduced by coercion"
"2","NAs introduced by coercion"
"2","NAs introduced by coercion"
"2","NAs introduced by coercion"
"2","NAs introduced by coercion"
"2","NAs introduced by coercion"
"2","NAs introduced by coercion"
"2","NAs introduced by coercion"
"2","NAs introduced by coercion"
"2","NAs introduced by coercion"
"2","NAs introduced by coercion"
"2","NAs introduced by coercion"
"2","NAs introduced by coercion"
"2","NAs introduced by coercion"
"2","NAs introduced by coercion"
"2","NAs introduced by coercion"
"2","NAs introduced by coercion"
"2","NAs introduced by coercion"
"2","NAs introduced by coercion"
"2","NAs introduced by coercion"
"2","NAs introduced by coercion"
"2","NAs introduced by coercion"
"2","NAs introduced by coercion"
"2","NAs introduced by coercion"
"2","NAs introduced by coercion"
"2","NAs introduced by coercion"
"2","NAs introduced by coercion"
"2","NAs introduced by coercion"
"2","NAs introduced by coercion"
"2","NAs introduced by coercion"
"2","NAs introduced by coercion"
"2","NAs introduced by coercion"
"2","NAs introduced by coercion"
"2","NAs introduced by coercion"
"2","NAs introduced by coercion"
"2","NAs introduced by coercion"
"2","NAs introduced by coercion"
"2","NAs introduced by coercion"
"2","NAs introduced by coercion"
"2","NAs introduced by coercion"
"2","NAs introduced by coercion"
"2","NAs introduced by coercion"
"2","NAs introduced by coercion"
"2","NAs introduced by coercion"
"2","NAs introduced by coercion"
"2","NAs introduced by coercion"
"2","NAs introduced by coercion"
"2","NAs introduced by coercion"
"2","NAs introduced by coercion"
"2","NAs introduced by coercion"
"2","NAs introduced by coercion"
"2","NAs introduced by coercion"
"2","NAs introduced by coercion"
"2","NAs introduced by coercion"
"2","NAs introduced by coercion"
"2","NAs introduced by coercion"
"2","NAs introduced by coercion"
"2","NAs introduced by coercion"
"2","NAs introduced by coercion"
"2","NAs introduced by coercion"
"2","NAs introduced by coercion"
"2","NAs introduced by coercion"
"2","NAs introduced by coercion"
"2","NAs introduced by coercion"
"2","NAs introduced by coercion"
"2","NAs introduced by coercion"
"2","NAs introduced by coercion"
"2","NAs introduced by coercion"
"2","NAs introduced by coercion"
"2","NAs introduced by coercion"
"2","NAs introduced by coercion"
"2","NAs introduced by coercion"
"2","NAs introduced by coercion"
"2","NAs introduced by coercion"
"2","NAs introduced by coercion"
"2","NAs introduced by coercion"
"2","NAs introduced by coercion"
"2","NAs introduced by coercion"
"2","NAs introduced by coercion"
"2","NAs introduced by coercion"
"2","NAs introduced by coercion"
"2","NAs introduced by coercion"
"2","NAs introduced by coercion"
"2","NAs introduced by coercion"
"2","NAs introduced by coercion"
"2","NAs introduced by coercion"
"2","NAs introduced by coercion"
"2","NAs introduced by coercion"
"2","NAs introduced by coercion"
"2","NAs introduced by coercion"
"2","NAs introduced by coercion"
"2","NAs introduced by coercion"
"2","NAs introduced by coercion"
"2","NAs introduced by coercion"
"2","NAs introduced by coercion"
"2","NAs introduced by coercion"
"1","[1]"
"1"," ""PROF and PIG station mismatch detected. Moving to closest PROF detection method."""
"1","
"
"2","NAs introduced by coercion"
"2","NAs introduced by coercion"
"2","NAs introduced by coercion"
"2","NAs introduced by coercion"
"2","NAs introduced by coercion"
"2","NAs introduced by coercion"
"2","NAs introduced by coercion"
"2","NAs introduced by coercion"
"2","NAs introduced by coercion"
"2","NAs introduced by coercion"
"2","NAs introduced by coercion"
"2","NAs introduced by coercion"
"2","NAs introduced by coercion"
"2","NAs introduced by coercion"
"2","NAs introduced by coercion"
"2","NAs introduced by coercion"
"2","NAs introduced by coercion"
"2","NAs introduced by coercion"
"2","NAs introduced by coercion"
"2","NAs introduced by coercion"
"2","NAs introduced by coercion"
"2","NAs introduced by coercion"
"2","NAs introduced by coercion"
"2","NAs introduced by coercion"
"2","NAs introduced by coercion"
"2","NAs introduced by coercion"
"2","NAs introduced by coercion"
"2","NAs introduced by coercion"
"2","NAs introduced by coercion"
"2","NAs introduced by coercion"
"2","NAs introduced by coercion"
"2","NAs introduced by coercion"
"2","NAs introduced by coercion"
"2","NAs introduced by coercion"
"2","NAs introduced by coercion"
"2","NAs introduced by coercion"
"2","NAs introduced by coercion"
"2","NAs introduced by coercion"
"2","NAs introduced by coercion"
"2","NAs introduced by coercion"
"2","NAs introduced by coercion"
"2","NAs introduced by coercion"
"2","NAs introduced by coercion"
"2","NAs introduced by coercion"
"2","NAs introduced by coercion"
"2","NAs introduced by coercion"
"2","NAs introduced by coercion"
"2","NAs introduced by coercion"
"2","NAs introduced by coercion"
"2","NAs introduced by coercion"
"2","NAs introduced by coercion"
"2","NAs introduced by coercion"
"2","NAs introduced by coercion"
"2","NAs introduced by coercion"
"2","NAs introduced by coercion"
"2","NAs introduced by coercion"
"2","NAs introduced by coercion"
"2","NAs introduced by coercion"
"2","NAs introduced by coercion"
"2","NAs introduced by coercion"
"2","NAs introduced by coercion"
"2","NAs introduced by coercion"
"2","NAs introduced by coercion"
"2","NAs introduced by coercion"
"2","NAs introduced by coercion"
"2","NAs introduced by coercion"
"2","NAs introduced by coercion"
"2","NAs introduced by coercion"
"2","NAs introduced by coercion"
"2","NAs introduced by coercion"
"2","NAs introduced by coercion"
"2","NAs introduced by coercion"
"2","NAs introduced by coercion"
"2","NAs introduced by coercion"
"2","NAs introduced by coercion"
"2","NAs introduced by coercion"
"2","NAs introduced by coercion"
"2","NAs introduced by coercion"
"2","NAs introduced by coercion"
"2","NAs introduced by coercion"
"2","NAs introduced by coercion"
"2","NAs introduced by coercion"
"2","NAs introduced by coercion"
"2","NAs introduced by coercion"
"2","NAs introduced by coercion"
"2","NAs introduced by coercion"
"2","NAs introduced by coercion"
"2","NAs introduced by coercion"
"2","NAs introduced by coercion"
"2","NAs introduced by coercion"
"2","NAs introduced by coercion"
"2","NAs introduced by coercion"
"2","NAs introduced by coercion"
"2","NAs introduced by coercion"
"2","NAs introduced by coercion"
"2","NAs introduced by coercion"
"2","NAs introduced by coercion"
"2","NAs introduced by coercion"
"2","NAs introduced by coercion"
"2","NAs introduced by coercion"
"2","NAs introduced by coercion"
"2","NAs introduced by coercion"
"2","NAs introduced by coercion"
"2","NAs introduced by coercion"
"2","NAs introduced by coercion"
"2","NAs introduced by coercion"
"2","NAs introduced by coercion"
"2","NAs introduced by coercion"
"2","NAs introduced by coercion"
"2","NAs introduced by coercion"
"2","NAs introduced by coercion"
"2","NAs introduced by coercion"
"2","NAs introduced by coercion"
"2","NAs introduced by coercion"
"2","NAs introduced by coercion"
"2","NAs introduced by coercion"
"2","NAs introduced by coercion"
"2","NAs introduced by coercion"
"2","NAs introduced by coercion"
"2","NAs introduced by coercion"
"2","NAs introduced by coercion"
"2","NAs introduced by coercion"
"2","NAs introduced by coercion"
"2","NAs introduced by coercion"
"2","NAs introduced by coercion"
"2","NAs introduced by coercion"
"2","NAs introduced by coercion"
"2","NAs introduced by coercion"
"2","NAs introduced by coercion"
"2","NAs introduced by coercion"
"2","NAs introduced by coercion"
"2","NAs introduced by coercion"
"2","NAs introduced by coercion"
"2","NAs introduced by coercion"
"2","NAs introduced by coercion"
"2","NAs introduced by coercion"
"2","NAs introduced by coercion"
"2","NAs introduced by coercion"
"2","NAs introduced by coercion"
"2","NAs introduced by coercion"
"2","NAs introduced by coercion"
"2","NAs introduced by coercion"
"2","NAs introduced by coercion"
"2","NAs introduced by coercion"
"2","NAs introduced by coercion"
"2","NAs introduced by coercion"
"2","NAs introduced by coercion"
"2","NAs introduced by coercion"
"2","NAs introduced by coercion"
"2","NAs introduced by coercion"
"2","NAs introduced by coercion"
"2","NAs introduced by coercion"
"2","NAs introduced by coercion"
"2","NAs introduced by coercion"
"2","NAs introduced by coercion"
"2","NAs introduced by coercion"
"2","NAs introduced by coercion"
"2","NAs introduced by coercion"
"2","NAs introduced by coercion"
"2","NAs introduced by coercion"
"2","NAs introduced by coercion"
"2","NAs introduced by coercion"
"2","NAs introduced by coercion"
"2","NAs introduced by coercion"
"2","NAs introduced by coercion"
"2","NAs introduced by coercion"
"2","NAs introduced by coercion"
"2","NAs introduced by coercion"
"2","NAs introduced by coercion"
"2","NAs introduced by coercion"
"2","NAs introduced by coercion"
"2","NAs introduced by coercion"
"2","NAs introduced by coercion"
"2","NAs introduced by coercion"
"2","NAs introduced by coercion"
"2","NAs introduced by coercion"
"2","NAs introduced by coercion"
"2","NAs introduced by coercion"
"2","NAs introduced by coercion"
"2","NAs introduced by coercion"
"2","NAs introduced by coercion"
"2","NAs introduced by coercion"
"2","NAs introduced by coercion"
"2","NAs introduced by coercion"
"2","NAs introduced by coercion"
"2","NAs introduced by coercion"
"2","NAs introduced by coercion"
"2","NAs introduced by coercion"
"2","NAs introduced by coercion"
"2","NAs introduced by coercion"
"2","NAs introduced by coercion"
"2","NAs introduced by coercion"
"2","NAs introduced by coercion"
"2","NAs introduced by coercion"
"2","NAs introduced by coercion"
"2","NAs introduced by coercion"
"2","NAs introduced by coercion"
"2","NAs introduced by coercion"
"2","NAs introduced by coercion"
"2","NAs introduced by coercion"
"2","NAs introduced by coercion"
"2","NAs introduced by coercion"
"2","NAs introduced by coercion"
"2","NAs introduced by coercion"
"2","NAs introduced by coercion"
"2","NAs introduced by coercion"
"2","NAs introduced by coercion"
"2","NAs introduced by coercion"
"2","NAs introduced by coercion"
"2","NAs introduced by coercion"
"2","NAs introduced by coercion"
"2","NAs introduced by coercion"
"2","NAs introduced by coercion"
"2","NAs introduced by coercion"
"2","NAs introduced by coercion"
"2","NAs introduced by coercion"
"2","NAs introduced by coercion"
"2","NAs introduced by coercion"
"2","NAs introduced by coercion"
"2","NAs introduced by coercion"
"2","NAs introduced by coercion"
"2","NAs introduced by coercion"
"2","NAs introduced by coercion"
"2","NAs introduced by coercion"
"2","NAs introduced by coercion"
"2","NAs introduced by coercion"
"2","NAs introduced by coercion"
"2","NAs introduced by coercion"
"2","NAs introduced by coercion"
"2","NAs introduced by coercion"
"2","NAs introduced by coercion"
"2","NAs introduced by coercion"
"2","NAs introduced by coercion"
"2","NAs introduced by coercion"
"2","NAs introduced by coercion"
"2","NAs introduced by coercion"
"2","NAs introduced by coercion"
"2","NAs introduced by coercion"
"2","NAs introduced by coercion"
"2","NAs introduced by coercion"
"2","NAs introduced by coercion"
"2","NAs introduced by coercion"
"2","NAs introduced by coercion"
"2","NAs introduced by coercion"
"2","NAs introduced by coercion"
"2","NAs introduced by coercion"
"2","NAs introduced by coercion"
"2","NAs introduced by coercion"
"2","NAs introduced by coercion"
"2","NAs introduced by coercion"
"2","NAs introduced by coercion"
"2","NAs introduced by coercion"
"2","NAs introduced by coercion"
"2","NAs introduced by coercion"
"2","NAs introduced by coercion"
"2","NAs introduced by coercion"
"2","NAs introduced by coercion"
"2","NAs introduced by coercion"
"2","NAs introduced by coercion"
"2","NAs introduced by coercion"
"2","NAs introduced by coercion"
"2","NAs introduced by coercion"
"2","NAs introduced by coercion"
"2","NAs introduced by coercion"
"2","NAs introduced by coercion"
"2","NAs introduced by coercion"
"2","NAs introduced by coercion"
"2","NAs introduced by coercion"
"2","NAs introduced by coercion"
"2","NAs introduced by coercion"
"2","NAs introduced by coercion"
"2","NAs introduced by coercion"
"2","NAs introduced by coercion"
"2","NAs introduced by coercion"
"2","NAs introduced by coercion"
"2","NAs introduced by coercion"
"2","NAs introduced by coercion"
"2","NAs introduced by coercion"
"2","NAs introduced by coercion"
"2","NAs introduced by coercion"
"2","NAs introduced by coercion"
"2","NAs introduced by coercion"
"2","NAs introduced by coercion"
"2","NAs introduced by coercion"
"2","NAs introduced by coercion"
"2","NAs introduced by coercion"
"2","NAs introduced by coercion"
"2","NAs introduced by coercion"
"2","NAs introduced by coercion"
"2","NAs introduced by coercion"
"2","NAs introduced by coercion"
"2","NAs introduced by coercion"
"2","NAs introduced by coercion"
"2","NAs introduced by coercion"
"1","[1]"
"1"," ""row 35 EXPOCODE 09AR19960119 SOURCE AADC METHOD Wright_1991 successfully run"""
"1","
"
"1","[1]"
"1"," ""Warning:There is no station number assigned for a data point in 35 09AR19960119  Is this point underway?"""
"1","
"
"1","[1]"
"1"," ""row 36 EXPOCODE 09AR19980228 SOURCE AADC METHOD Wright_1991 successfully run"""
"1","
"
"1","[1]"
"1"," ""PROF and PIG station mismatch detected. Moving to closest PROF detection method."""
"1","
"
"1","[1]"
"1"," ""row 37 EXPOCODE 09AR19990713 SOURCE AADC METHOD Wright_1991 successfully run"""
"1","
"
"1","[1]"
"1"," ""Warning:There is no station number assigned for a data point in 37 09AR19990713  Is this point underway?"""
"1","
"
