"0","library(BIOMATE)"
"2","Loading required package: purrr
"
"2","Loading required package: tools
"
"2","Loading required package: data.table
"
"2","data.table 1.14.0 using 2 threads (see ?getDTthreads).  Latest news: r-datatable.com
"
"2","
Attaching package: ‘data.table’

"
"2","The following object is masked from ‘package:purrr’:

    transpose

"
"2","The following objects are masked from ‘package:dplyr’:

    between, first, last

"
"2","Loading required package: ncdf4
"
"2","Loading required package: readr
"
"2","Loading required package: geosphere
"
"2","Loading required package: stringi
"
"2","Loading required package: tidyr
"
"0","library(seacarb)"
"2","Loading required package: oce
"
"2","Loading required package: gsw
"
"2","Loading required package: testthat
"
"2","
Attaching package: ‘testthat’

"
"2","The following object is masked from ‘package:tidyr’:

    matches

"
"2","The following object is masked from ‘package:purrr’:

    is_null

"
"2","The following object is masked from ‘package:dplyr’:

    matches

"
"2","Loading required package: sf
"
"2","Linking to GEOS 3.8.0, GDAL 3.0.4, PROJ 6.3.1
"
"0","source(""./src/compile_pigment_data.R"")"
"0","source(""C:/Users/kabaldry/OneDrive - University of Tasmania/Documents/PhD/Ch4_SCM/SRC/Water structure clustering/filters.R"")"
"0","source(""C:/Users/kabaldry/OneDrive - University of Tasmania/Documents/PhD/Ch4_SCM/SRC/Water structure clustering/MLD_calcs.R"")"
"0","imported_meta = read.csv(""./product_data/supporting_information/Metadata/EXPOCODE_metadata.csv"")"
